-- phpMyAdmin SQL Dump
-- version 3.3.9
-- http://www.phpmyadmin.net
--
-- Host: localhost
-- Generation Time: Jan 31, 2016 at 05:12 PM
-- Server version: 5.5.8
-- PHP Version: 5.3.5

SET SQL_MODE="NO_AUTO_VALUE_ON_ZERO";


/*!40101 SET @OLD_CHARACTER_SET_CLIENT=@@CHARACTER_SET_CLIENT */;
/*!40101 SET @OLD_CHARACTER_SET_RESULTS=@@CHARACTER_SET_RESULTS */;
/*!40101 SET @OLD_COLLATION_CONNECTION=@@COLLATION_CONNECTION */;
/*!40101 SET NAMES utf8 */;

--
-- Database: `pos_1sell`
--

-- --------------------------------------------------------

--
-- Table structure for table `phppos_app_config`
--

CREATE TABLE IF NOT EXISTS `phppos_app_config` (
  `key` varchar(255) COLLATE utf8_unicode_ci NOT NULL,
  `value` text COLLATE utf8_unicode_ci NOT NULL,
  PRIMARY KEY (`key`)
) ENGINE=InnoDB DEFAULT CHARSET=utf8 COLLATE=utf8_unicode_ci;

--
-- Dumping data for table `phppos_app_config`
--

INSERT INTO `phppos_app_config` (`key`, `value`) VALUES
('additional_payment_types', ''),
('automatically_email_receipt', '0'),
('averaging_method', 'moving_average'),
('barcode_price_include_tax', '0'),
('calculate_average_cost_price_from_receivings', '0'),
('change_sale_date_when_completing_suspended_sale', '0'),
('change_sale_date_when_suspending', '0'),
('company', 'PHP Softwares'),
('company_logo', '1'),
('currency_symbol', '$'),
('customers_store_accounts', '0'),
('date_format', 'little_endian'),
('default_payment_type', 'Cash'),
('default_tax_1_name', 'Vat'),
('default_tax_1_rate', '14'),
('default_tax_2_cumulative', '0'),
('default_tax_2_name', 'Sales Tax 2'),
('default_tax_2_rate', '0.15'),
('default_tax_3_name', ''),
('default_tax_3_rate', ''),
('default_tax_4_name', ''),
('default_tax_4_rate', ''),
('default_tax_5_name', ''),
('default_tax_5_rate', ''),
('default_tax_rate', '8'),
('disable_confirmation_sale', '0'),
('hide_dashboard_statistics', '0'),
('hide_signature', '0'),
('hide_store_account_payments_in_reports', '0'),
('hide_suspended_sales_in_reports', '0'),
('language', 'english'),
('number_of_items_per_page', '20'),
('prices_include_tax', '0'),
('print_after_sale', '0'),
('return_policy', 'All return policy and any other store terms and conditions.'),
('round_cash_on_sales', '0'),
('sale_prefix', 'POS'),
('show_receipt_after_suspending_sale', '0'),
('time_format', '12_hour'),
('track_cash', '0'),
('version', '14.1'),
('website', 'www.PHPSofoftwares.com');

-- --------------------------------------------------------

--
-- Table structure for table `phppos_app_files`
--

CREATE TABLE IF NOT EXISTS `phppos_app_files` (
  `file_id` int(10) NOT NULL AUTO_INCREMENT,
  `file_name` varchar(255) COLLATE utf8_unicode_ci NOT NULL,
  `file_data` longblob NOT NULL,
  PRIMARY KEY (`file_id`)
) ENGINE=InnoDB  DEFAULT CHARSET=utf8 COLLATE=utf8_unicode_ci AUTO_INCREMENT=6 ;

--
-- Dumping data for table `phppos_app_files`
--

INSERT INTO `phppos_app_files` (`file_id`, `file_name`, `file_data`) VALUES
(1, 'header_logo.png', 0x89504e470d0a1a0a0000000d49484452000000960000003c08060000008486436a0000123949444154789ced9d7b8c5dd575c6bfef68e48eac91ebba966bb996e5bad4b5a80bd442164929a52121940663b9c4218e43511e344590078aa00e09085144104a23ea124a5ccba1498aa843783484474279c5318f4012dee1fd861887a701c78cd7af7fec75c667aeef8cefd8437c09f793ae66cebdfbb1f6d9ebacbdf6da6bad23f5d0430f3df4d0430f3df4d0430f3df4f0ce85773701dd0c60b6a4bd8039b627e5d79b253d26e95edb778f575f11d127692f490b6c4f9754019b6cdf2fe966db2f34e892a465926eb5fdd078d1309ee81ac602fa259d0bccb73d01982049b6eb1ba9d66bdb92f492a4a780fb6daf97f423605355553b4383244d018eb2fd0f92e6d674481ab45d49ea03647b8ba44724ad01be65fbb9a467ac7df6018b249d2a69aea4fe9622839236d9be1e385fd28f6ccf92f403499fb4fdfd3177fa4e42442822a646c474e03dc0151141fda91111bf069e8f886723e2576d7e7f32224e8c88c963e91fe8078e019ecc36df046e013e0f1c0c2c88887d23e208e02b11f18b88d89a7d3e0d7c2c225a996247631e88885511b135c7f02cb006f844441c0d7c1ab818f865639c8f47c41b39dc43c776977b10301d783827ae669a5b22627f600f6036302f2296023f00b63618716b445c0bcceab0af19c0c58d097e1a382aa5e84875a6005f045e4edade04d644c4944efa8c887e60754d37701330af299d1b7ded11112b23e28d9687a8c7586305500157376e22c0c523949d089c19116fb648b05b8051255732d5fa469dc7236261bb096e454454c0b2887835eb6e05aed8519f59777983de8781e93ba0b32ffb7aad713f7a8cb53388880b188eb68c250dddf86fb62e8dc0ea8818a9ce54e0a78db2af45c47b3a61aa461b8a88e39a1213b872b465119800dcd790c49feaa4af8810705c8fb17611c0052da27f44c692a48898070c3dd159f765608f366df745c4452d8cbb7227e9ec03d635261ce04ca0ed0e2222e6373b8d887d3aed2b222600b767d5ae65acb16f9dba185555dd2fe9672d5f4f020e6853fc08db8b01e56793a4b377a65fdb8392cec8ff2549c07192f61da1cafc46bfb23d750cdd6d0156d575bb155dcf58cd2d7c87dbf95b196e8e90ed3f6f160026493a49d204db75b9ab243db50ba4de28e99106b30c485a91f6a956f435fa95a48f77da499a51ae513141ec02b96f2dba9eb19a4f7687e55f6cd64db44eee21c05e2ddf5d62bbbd32d61936015749c3a4d6c1b617b416b4fd4ccb574b8153d866331b15b637d87e6017687dcbd1f58cd57c2a3b64aedfa9eb35eabed468a34fd2076d578df636d9be6357e9b47d5dcbd71381c3db14bf43d2a6ba9e8a95fd646065448cba3bace995b456522b83760dba9ab15a255587a27fcf665d20807b1a6d4e96b45fb30f952570c338d07bbfed2dcda5d8f6016c6f0f7b45d27fb73c28136c1f63fb6ae0d08818716eb2dd2fdb6ed527bb065dcd580d1da923a602a6d93ea0452f7b41d2f58deb199266b6b4bb1178651ce87d49d2c6c6522895639a492de54245d97fa0f15dfdef5e922e96742130b79b15f4d1d0d58c25752ca5ea2dffe92a677d434c037cbdaaaae71ae5e6e4df66f58d55550d8e03b99b24bdd0d2f634da184c6d3f91e7914fd4f4342474bfa4a5926e07ce8988996f3706eb7ac6ea04793c72a2a4a3a46107d5374a3aab593625d6308c87b44a0c025b5abf1cc99c60fb664987a91c2cb72b3260fbd379b87e22d0d1715137a0eb19ab45cf9a1711c7020747c43ec0bec09192aeb47d9aeda62ef37d491fa9aaea9596f6b6b3888fd7b61dd8627bf358ead8be13384cd2bf2815fa36edce04ce94745d442c1a0752dfd9202def8dcfabc08bf9f7d53c94dd9a56e8372956f775c011ed1828db3ca1c5424e445c304ef45611715d0bcd00efeea42e309f72d6f8669b36eaff7f0daceaf4b07b77a19df1ae2b9152e51ae023b6e74a9a21699aca1806953e59929ed9812fd6865a023674b131b9bb8c8289b5436053274aabfea84885feee88384cd2124927ab28f2554b7b13247d42d29ec0876cef8a51f79d09e082c693bac3b3c24e101107b6482b80eb18e15c6f8cf40e9087da0d9a5f03b6d3eb3a686b32705c443cdec6e7acfe5c329264dedd785be858f50e6f3c7421db8f48da52b79d98226960971b2f06d1c94d9a558e797628b1dad0f992ed7f97f42e495f6fa539db5f2469f138d03deee87ac67a0bcec35e90746fdd76b63f5dd2983c4edb21cd0ad3ea5d6932d81db6873156babf4c1aa19961a8aaea1949ff64fbfd921e6979c02ae0f86e3445743d63491d1fe5748a4db6af6f69779aa479bbdab0edb9b62736ae43edcf20270037b4b36fb543555591341faeb47b35fad84be5c1e82a743d638df7d398d2642df07a53b2487aff480e819d20a5d0df34cd23c0032ab6b45654b6e70273c748fbdd9256b49860fad881f7e9ee40d733d678e9562d6dfe4479ccd3b0d01fd194363b817edb438e7729a5ce6b866d357e93ca0e72876688560097a67743cf1f6b57d072d4312ec8d0ad2fa91c06d798052cdd85660f05e665fb5289f9fbcfd12a007f3fd6c89ea47d68394c4bff1323d7e8613bbc15e68696f6ff99120051e3c19d313c46c49488b8a741ebf3c088eec6790405f00663742fa69c893ed8303ddc30567adff188886fb7589fc79bb12644c4905f7dfe3d7f04afcf9168eca7c402d674be082c1a4dc202fd8d31dd171173c640f3816c0b190338a2d3ba3da8849ce7cea989f511b12b7a50bb7e2651e201ebc97a133823277fb47a8a884911315437225e8c8845a3f95265ddfee6a022e23ecab9e788f5521d9805dcd5a87a714474e475da83866ee27b29e781cd39788312953caeba21251cebf3c08b8dc9be3622f603065aca56c0d48858920c51e3e7113152f0446b7fc3182bf15a449c072c0026d7cc4959faa6024bd8b6046e05ae8e88b10461fc46d135def811d1677b3930d3f69f485aa486d192b466abb8195f2ee94115afcf6fa442bbcb48a97192a443545c56b648ba53d2dd2a0af200303b6d477354363f4f00ab6d7fcdf6c60efbe997f49a4a50c4cf24ed0bec637b2ac543e221e029957c111324cdc97eeb4421df90746abb1d67b7a06b188be28b7ea8a4e90d26da115e9074a94bf8d578d13141c558ba48d241949ddeb4868f7cbd0bbbc3f6952accf1cc584c2211d16ffb61e02faaaada903add2cdb0748fa5b490b25cdd2b65dfb668a4dec7adb6b803babaada95c08fb71c5dc358dd8894a2fd40d5c238839236b7b1a877845cea07246d97152797da7e6588585d3e7de937ef4c169d1e7ae8a1871e7ae8a1871e7ae8a1871e7af8cde26d696ea0f81f1d087cafaaaa31bbfd661bb3551ce41e5009bb9a9891cc9dd69f26690910922e6f06c5f6d08500f6a764c4234a02d9db22e2d13cee984109915a9741063b13a43029222e04ae044ec9a39b9f46c4c73a6d2322f6a29c631e02dc96ff77e46adcc36e4494ecc400ef95246049c6d35d1611fd117164443ccece45bf1c9b677c53f27a12701170cc18e85b057c35ebcfce73bc33c64acb6f33bad28cdb269af82adbf7aa64899924299a56e9d1dc5cda7843fc914bbef63a8ffc2b2a093ab65b062362e830b805f3555e2420db8fa5b4dae9b48d3986c9ed0ed72362629424ba135abe1f18a97cc37a3f5a9ffdad6d367e6bdb36c5e3a3ca7e86ddf3d6eb0a981811e753f25a9e06ec095c1211b703675332122f026e88886322e27ff3b7e5c0424a2aecdb22e284ecfc63190d7c42445c07aca7f8102da1a49cbe294a0aed0994646357d081ef37309807b4cd6394774b5a67fbbeecb72fa5d9b511715c44acb1fd28d04ccd7d93a43d245d16253b7225e97ea5ab721eb7ec0f5c62fb2cdbeb22e253d9f654606d06cc2ea6f8ce7fd1f6e992e644c45ae044e0ba88581f11ef069652a2b36f0016671f67e5b8f700164abadaf6b9149798c5e932b408b8daf699b6af90744b94e420fb44c4652a1969ee02ea74977b0017db3e55d295924e6c771f730ce7485a29e9969cf3da936201b056d239926e033e9de39e9d127a9da4432362bded5f0047474906bccef6831171144d3f344a7ef1e781a3f3fa408a1bc7fe79bd47325f4549eeff06b05ffe7634f02a30b3ae1b115f4c7fa54f01bf4ac22ae0ecf4b49cd4a8bbaccde0ebe4afcb29790b3e9b7d9e4209635f9a7d9e05cc89925df92e604a943cf02f47c4ed117124707a8ee5428a0b4a1f707a9440d23a37fb50ba20600ef070441c90d7efc9be9637e8bb2d22ce6cdcbf53189e83eb04e057c0d42c7f1e704f2d2172c216e7a45d1b115f6830dc7d5112d82ea0e4b97f342216671f7323625d8eb302cea5b8facc04ce01be904cb63022b65b9a730e2e018e4dba16e7bdda27ca8b1b1e8e88831b4cf61a702c308d92f5e6d5883831efd10594c4c1a745c4bc88580d3c4ad9d46ceb30222e8a881f3418e97960555e1f4bbad05224dc2dc9f53513be9137ab8a883381f9f9db8c286f8a3826af3f41f1253a9822b1ce1b46c8367a6ac63a37095f19114b1a13b31478b266e67c521ece1b301011cf5292cbd6635b1d11bfacfb4ae63a982241b7525e18f0de9c942f50a4f740b65d3b1cae1f8db122a2c958d372c297e7f56773920eccc95d4b2e55c0f264ecf951bc599fce7b238aa45bd9687719701f45ca9c16116b805b52329e0e3c0e2c4da9b4679bfb3a2719be4e4ed71f118750f4cccf46c493142f937a9c5746c46d39e7cbf39e4fc9df1601bf645b5aa84549fb2c29752cdb61fb9bb6f7cb828b6cff50d222ca4e6c6fe0e62cfbbaa48b241d19c513f2ef5496914f4a9aaa929fea81ecec39dbd7d8fe68ea047f29e927c0c7557c8c5ed1e899f42eb17d6a5555c75755f5dddaef8a6d99fada7a1764044b9d8a3124adb73d59259e6fb6ed41dbd7a8b8a81c4f91a05f05264afa3315ef8590a4cc9b75af3259db48687a3fd8dea0e24ef3e1d4f1de05dc0b7c44d202e0ae5a8f046eb4bd22eff9d0fb78720c91b4d498a9927df06c4967db3e5ed241b66f95b44a6549ff662e9ded7cf76b7520b28fcd55555d65fb1560ef8c586af6f780ed69c0e456b7a0763e70cd32430a1af0439549fe8ca43f95b4422566ed4bb69f6e712abb542519c771a9089f9e1376b2ed7555556d914aa025f06d6081ed6592ee5259db0f5579c1d06523f9313186c89cd650a836f50681e754fc9a96d54f99ed4dc07fd8fe57604fdb7d2a4afc0c869b0f06b5837c9fad7d02ab25ed67fb0495344bab55c6fd3949df914a1086ed4b24fd5cd297253dbc833e365374b201db9b5c22ac27abf88ff50387031f5479c0cf8b885613485d7e1fb62dfd5381fd6c6fa428ed43318af9506eb0dd9a4c6ebb31b7ced710635555b559d2b75432995c6dfb3149df53797dd9e5c3b8b1aa1e5191522b800b819b73d7f60195bc5443b0fd631523e4c992fe8b9259f825951ddead49d49c5cceea9d4c7fd61dd136940c3d9489c52563ccd01bc36cff712e8395edbf4aba5eb0fdfb924e4ae9543f65935d5edfb645d265c014db1f881284daafb20b5c2395d79cd8ae92096b0c4a9a1a113323627e63dc1b800f0397ab3c8c958ad3e043596616e5e506afe712b3b7ca033b2f99a24f8d8c40ce086e9534920b81fd257d4545207cd2f6acaaaa2ecf7999a222a1675074d901154fd8c7249d011c4071623c4945825d94f7efc864924a8561d7dade9c7e69f5f7b56366733e94fdf54bdba731fab60a735c93d7ab6ccf04dabd976f8d4a42d63b6c4744acb6bd77ab7baeedcd143bd1ef5655b53189fa2ef08b3a3d23b0d8f60ae0668a1ef5b97c4a3e4a71d1bdb5615e982ee97d409fed65c0a5c041797d08f03fd9f562492f27034cb57d7cd239687b4fe07ce0a792fe50d242e033b93cfd9fed338015b90cfc81ed3b257d2b6fe6329565e640e0609548e71fdbfe9ca4d52aaf87938a74f88eed5faba48fac5c5e01775363197944252ffd59b6ff5ac5cd7992a40fdbbe87a2abed9712e56697246d2b249daeb2bb7d49d2676c6f48e9b71a384fd261b657aa78d81e09ac7409d2bd1bf847dbab545e4bb71138d3f64f6c07f025e078dbbfa722019fb0fdb5dc8dbe2f5786251171a3ed0f01832aa70fdf4d95285c5ecaf06fc3d6a17c1ae7d44f54140fca9929bd8681a2604eabaaeaa9bc1e5011d1db1d6de4a0eb44b3a2bcd96b537d1c1311032aebfffdb62703131b8cb4d9763361ecc49428b5a4daa46d9962422508f5418ac1f2472a9e98f767b93ad265834bfac6d92a52ea21156956f75101b36ccf56d1699eb0bd256d38d3d5d04d810d2abee9335596da8db597678e3b9c47451131bdb184d57d4d5659ba364a7a5d458f7a26f59afadd88af37ee5d4ddb2c1517e9c76c2b22a6d91ea06c6836487aa8aaaac194ccb380fa5a3986b92acbfb23b9e4d5d268567e36e46f5b9af75c5250fcee87f280e5f826e775b4e381b73d524f7896349df4b07bd09596f79d452e550b55acf307e5d3dbc36ec0db2655e418b009787f2e95bf8de3eba187772efe1f6bc5d3427fb2364e0000000049454e44ae426082),
(2, 'e2.jpg', 0xffd8ffe000104a46494600010100000100010000fffe003b43524541544f523a2067642d6a7065672076312e3020287573696e6720494a47204a50454720763632292c207175616c697479203d2039300affdb0043000302020302020303030304030304050805050404050a070706080c0a0c0c0b0a0b0b0d0e12100d0e110e0b0b1016101113141515150c0f171816141812141514ffdb00430103040405040509050509140d0b0d1414141414141414141414141414141414141414141414141414141414141414141414141414141414141414141414141414ffc00011080126019003012200021101031101ffc4001f0000010501010101010100000000000000000102030405060708090a0bffc400b5100002010303020403050504040000017d01020300041105122131410613516107227114328191a1082342b1c11552d1f02433627282090a161718191a25262728292a3435363738393a434445464748494a535455565758595a636465666768696a737475767778797a838485868788898a92939495969798999aa2a3a4a5a6a7a8a9aab2b3b4b5b6b7b8b9bac2c3c4c5c6c7c8c9cad2d3d4d5d6d7d8d9dae1e2e3e4e5e6e7e8e9eaf1f2f3f4f5f6f7f8f9faffc4001f0100030101010101010101010000000000000102030405060708090a0bffc400b51100020102040403040705040400010277000102031104052131061241510761711322328108144291a1b1c109233352f0156272d10a162434e125f11718191a262728292a35363738393a434445464748494a535455565758595a636465666768696a737475767778797a82838485868788898a92939495969798999aa2a3a4a5a6a7a8a9aab2b3b4b5b6b7b8b9bac2c3c4c5c6c7c8c9cad2d3d4d5d6d7d8d9dae2e3e4e5e6e7e8e9eaf2f3f4f5f6f7f8f9faffda000c03010002110311003f00fac6efc55e15b1199754561eec1ab2dbe2978423936c245d9ff6231fe35d55a7837c3d692ac76fa1da2ca7a623fbdf4af2af8c7fb4bf877e112ff66693636fa9ebcf9ff478309e57a67ae7f4e95c71c4d699c3c87497df1a34fd32d67b88f44b868a242e4bae14e3f0af9f757fdabfc5daeeabbb4fb78b4ab324888c84ff00f5ab8af157ed2de27d6524fed8bd9a381c126d6173b057867897e37c57332a450cb2a21e8d27ff005aba60e4d7bfb9a461a1f466b7fb596ada6c2be4df2add0fbd05c312bf81ff00eb54ba5fed90be29b692caf25fb15de30cbbf248f5078af89b5ff195b6ab0990a3c68bd620dc1fd2b1e4b7ba9eca39a19c2dbab1648d8743fe714e5b14a9df73ed2bcf8d48b6ce56eae5ed51b0d15cb753ea2acf86fe396877a8d0dddf490daf708457c5b1f8dafa3b7686eae3ce4fee9ed55b4cf15fd9a56dac769ed9e2b32fd923efef08f8d745d57548523d392f74a6dc191987cbd3dabe95d2b46f07c703dda69962b0afdd76c123dba57e5af847e2e8d12d5adc2111ca3a83cfbd7d27e08fda0340d4a46855cc36d0c6a191e4072dce4f4ae2e4353edfd2e6b2f26392d6da111b1e0c63915cdcff00152c6df5b9f4b749837fcf653d2bca2ebe3b697fd8f6b2d94e3f763e5895bafd6bc735bf8d6f71f10a474b84823f2f763b139fad2e403edf8e549618e58ce564a794720ed5e01c66bc43c2bfb47f85ff00b2ee2d6799acee74f8bcc22620f99f4e9e95c8695fb466b9adcd06a86382d349b96c4713212c71df39f71da874f9b403e96933ddf3fecd32b81b0f8d5a15f6c870637e0348581e6bb9b2ba8b52b7592d5c4dbb8041c0ae7f65ec9dd812d35feed3379a4773b6b00219bad455213bdb0693cb14010494c8feefe353150dd6a3d8178153200a824a99ced1c54446eea2a00abfe348df74d4bb054728c0a00acdf78d5692acb75355a4a00824a83fc6a792abb1c0a0047fbbf8d5592a6de4b60f4a864a008f14c7fbd52546ff007a801be950495248c55722a024b55c7602292a0153cb5055132d85a29adc0a6ee3ed41059a55fbc2a1490b54cbf78500598fa56ae81ff1fb5951f415aba07fc7ed52dcce5b9d3d3d3a5478a913a5752d891d4514550191ad7fc7d0fa0af9dfe2f7fc8135cffafb1ffb357d0dad93e7a9ef815f3dfc5d51fd91af2f6172a7ff0042ad40f4ff00da0bf6938bc2900d0b4090cfaa10c048bd53a0e315f076a3f6f9f53b8b8d56e67796e1b732c472e4fb8ae9a6d474dd39da585e59ee4f5b894f35cf4fe34b1811a3b4b76babe763f331f9bf956f18286c74f2a31354d42eb4f5205bc566806016399187bf4af31d56f9eeaf4a5ac4d74c4f21074af4bd41e38c335f0373a948311da77fafe1c7e75d3eb5a1e99e03b6b65ba8963beb98b7b2af047f9cd6ce4d8d2b1e196b6afa77fa7ea686355fb90b0c31fa8ace4babfd66e1d6dd70ac72150e40ae935bbc8f569e7bada652bd9ba0aeefc236163a7f87f4a48d15efaeef371c76418e3f5a4ddc6784b8995dc90d95e08356009a254629f7fd3b7d6bd2eebc267c4363a96a16c9b63fb5bc6303b9c63f91aeabc67f0eadb4bb68cc232ee163938e8690ac785a5c5cc062e5981721703a74eb5d0f87b549a185422968d8e6497dfd2bd06cbe16c76d72d7334db6c1a1f355f1d6b8bf196bd0bc6ba7e976a208235e4ff78f73536433a183e22dca4c9e5b9448c6d183d47f915464f1bc936b3f6a90961d09cf35c2d8dda47110c791d693edd1799d68e5407b61f8bd26b37303dd2adcb471f96c7eeeefe75b127c4bb997c396cbe610b6d210aa78c0e38fd2bc22dae92e70b18f288ef5a32ea59845bac858123268f875434ae7d49e15f8be9a67911320796460cc49e00afaf7e087c4cd0fc45e1cb587ed4a924adbc33b0500607f8d7e52ddeb5b6f5959d804c0ca9fad7b4fc12f1a46534dd2ee896b7076ee8cf3dab92b4b9f465f2a3f52132e58608206707bfd29acd9407d46715e4df02fc7736b9a2dc68fa8dcf9f7fa590bf69cfdece7ff0089af57dc240181ce7935e791256198dad9238a5de3d2893eed474894ee14c6eb4fa6375a52d8646fd2994f93eed32b3020660bd6a291838c8a7cb517f01fad0042df78d5692acb7de355e4a00af2d5663daacc9555fad004601dd9ed514953d41250032a371ce6a4a6bfdda00ad31f97150e2a597fad47571d808a4a8055896a01544cb61ac3229bb0d494504024656a65fbc292957ef0a045843815a9a0c816f39acb5fba3eb5a1a27fc7ed52dc896e759f853d3a5369e9d2bb22ae48bf851f852d157640636b687cd4fa0af9fbe2ea1fecad7ffebbaffecd5f42eb9feb53e82be7ef8bdff20ad7ff00ebe17ff66aa03e1bd6f5dbcd5985a5b810c43b27359be5dfd818a2426213315dd8f99fdbf5fd6a9dbf8ba3d2d4c76912331fe29064d41fdb9335c2dedd484b27fab1d306baceb3bfd335db7f872de7a62ef573c23b1e631dc7f2fcab81d6f5abed6351babfbb93ce9a63fbc507a560ea1aadc5fddc9712b7ccc7ef77a863bc7894807af527ad007502036f3db473b65bdabab3ae5adac1b24fbf92339ed5e7315f79f70247724af4e69b73a9493028304939cd007a4f86fc591da6b56d6c39813249cf7e315afaff008e92fb538e4bf1e647139d801af2ed3ddade2678177dcc8c3ef72075adb81e1d0163bab9916eef41dcb11fbbf88a00eff5ed75b5abeb76313791129501bf0ff0ae0992fae67be59408d146022fa7356db5896fb74f34985273b4532cb594b64b876556329c60ff009f7a9ba0394b7f0e5cddc6d2436e650a391ed59975a4cb0db34af018d0755c575fa76b2da39b99b710a08545cf5ce7fc2accbab25f98dd91581fbca0714d3b81e7505e886621062a582ede4601ba86cd58d7b427b2bacafddaa16aa50e73939ef4a435a337efe6df1864fbd8c5741e12d4a6d35a1753cd71b2b6221f3753838ad7d0ee765da264ec5f5ae3aa9c55d9a2d4fd03fd9cfc5126a7e297d4947063959f9fef15ff00035f5c2818e3a57c81fb1fe90174cbf99833adc2a4484765f9bf5e6bebe8d76205f4e2bcf22638d25239c0a6ef3419c7612a27eb52d44fd6a6450c7e94ca7bf4a654011c9559feed5996abbfdda00807df35149528fbe6a392802bc9559ba55996aab9e7146e0463ef9a8a4a9b6f39a864aab301950cd4ede6992124734598100e5cd45254a3ef9a8a4aa5a01049500a98fcd4c2a00a64cb61b453413bb14b410491d585fbd55e3ab0bf785004e3ee8fad68e8e3fd2c567a8f93e95a1a57cb7717fb5d6a96e6723ada4a2822bb2048e4fbd525471fdea92b5031f5cff5b07fbf5e01f177fe41de20ff007e3ffd9ebe80d68666b6f724ff002af00f8ae3ccd3f5ecf728dc7fc0e803f3521558465c65bdaa0bcba925600f41d053d65f2e32adf7aaa73ce6baceb1ef2799827823b544d305eb9a495b6ae7de98abe65005ff002cdbc5b58fcdec698d28460c39aa93cceefd69e80a7ccdc8a00d283566806f4243f4a8a3325d5d7da247224eddeaa637b6e1d2a459bcba406fdbcd24f2f96e70a3b2d5a521eea3639c47d56b374962b2b5c372a6ad3317dcf17df6ed5900f4904fb9e41f286c102a6b093ecb248ca0303f741aa2aff63b76f37ef93d2a5b00cee5bb54b958da31ba36ae6da2d4ec831dc49f4159575e0f78044e118ac8703033cfbd6c68b633c8ea253e4e0fdc3debbe1a4dcdf8b768536ee3b3663d3bfeb5954abc8aecde9d1f68ec8f1cbad18d9b32b64b2f5029fa45b6e9c61977374c9af67d5be185d4bbde38484036bb63b9e9fd6b91d0fe1c6a573e2686c2d6d1a690fb1f5ae78626357426a61e503ef6fd922d62d37411671fef0c4aa771e878f5afa3d1b7a2b6392335e43f02fc033781fc3d169f3e4dd4683792307a57af46c1a28c81c6d15ce734c24fbbf8d47f853e4fbbf8d32919c760fc2a37fbdd2a4a8dc7cd532288dfa74a67e14f71c74a65400c92ab3fddab325567fbb4010e70c6a191c548c3e6355e4a006cb551d727356e4aacdf74d5477022ef8a8a4a900f9cd472558106c3e829ae876d4bf8535ba50055da439a8a4ab0ff0078d5692802b91b7ad46581152cb50504cb61003bb34b45141048831d6a743920d455245fd6802d2fddc7ad5dd3640b7717fb3d6a92741f5ab3a7ff00c7dd52dcce476745145764091c9d69ff0085313ad3ff000ad40cad68626b63d8673fa57807c555d965ae023aaa1ffd0ebe80d73fd643f8d7827c574dd69ad1ff00a671ff00ecf401f983753091a98101196e94c92320e79a54cb0c9aeb3ac706b68f900eea428d2731f14a42e39514aaeabd0914010958e260a325bd6a74b190fde619a800541b70589ef52c30346bf33b139f5a00b42cd635cc87e5a7a3c29d066ab30cae0b12295268e21822901b164a2eb977de7d0559ba99ad555238769eb9358b6f74e9f305119f614f9ef27bc0048fc0eebc573f2b353564567657790337f76b734eba5f2f6e0572f6b3293b7ab63a9ad7b50d0c3bce777a54b56d4d23d8e93c350477baca21058b4a5b8afa13c07e1d4f322dd09727e6ce2bc9fe15f8724840bd9954b7f06475afa23c0711444720a953b71f4af92cc2bf2dd23eb30142f66cf44b0f0edacd024524251720e6ad7823c0da758f8bed6f08e37f5c0f5ab36b76cc5738200adbd3e558ca300328722be728d6946773d4c56163521a1ebb06956d6c731e73568d3976c90ef2307da98e3cb20292475e6bef16c7e6ef462374a6529626929882a37fbd4bbcd46ee73532011fa53691dce3f1a66f3ed500125567fbb52c8e6a12495a0081fef1aaf25587fbc6abc9400d92ab37dd35348e6a0272a6aa3b810b7534da7375350bc856ac086a37fbd52546ff007a8012abc9fd6ac66abc9fd6802096a0153cb500aa8ee4bd828a28ad08248eac20f985578ffad4dbb6b8c500591f747d6ad5affc7c8aa911de40356adce2e454f53391da514515d5024727dea92a34fbd5256a0656b9feb22fc6bc2fe287fc7a6b3ff5c97ff66af76d6d73e49efcd7877c51880b7d6473fea10ffe85401f96ee14f4a8d570700537cb7a9a1215769fbd9aeb3ac0db36dc91c7b1a436a54648352cecf1461d4679c62a292ee5d9f76801562f2c61067ddb8a427cb386393d78a0cacdf7c60531a2de729c8a00591f2bc75a8bcb56fbd4ff0021bd0d1e437a1a00903b5d1e06d1561163846dc923ad4400d9f2d3acedde61ead9a52696a09c9cac8d0b48e32e194313f4aee741d10de10645fddd63689e1ebc90a911fcb8f4af5bf07f86258e3ccea474ed5e562b15184743d6a18594e7e474be0cd05a28c07388d08d8077af62d14a4312f183ed5c0e9b6ff648c015da69b26768af86c4d4751dd9f6987a7ecd729dcd9dda9400139adeb39085c93c7d6b98b243b148ae9ec9ad8443cd6c1ae1d5bd0edd12773dcad5fccb38d97a38c8a731ce0fb566785aecdd6976a4ff0072b4bb2fd2beee93728ea7e5f562a351c501600526f148df77f1a666b44603778a6b1c9a6d15320124e9f8d47523f4fc6a3cd4011c95096010d4d25577fbb4011b38cd5691c54afd6ab49fd6a92b80d92a2ddf2e2a692abe4fa55256018fc727a55771bba5589bee74ef5053022a63fdea7fe751bf5a004aaf2558a824feb5695c0af2d4153c95055256265b0b451453207c7521fbe2a38ea43f7c500598485c13d2acc2e04dbbb5544fbb5623a12d4ce47743e6191499cd2c5f729abd0fd6bae2ac48e5201a7f982a3cd19aa0296b7c2c3f8d788fc52ff57abaf7302e3ff1eaf6ed73a41f535e2df13d370d4cff00d3b8feb401f9574e80f972ef3d0f14e86205499323e948d1efced388d7907be6baceb12f98c7303ea2a12e231b87269f33b5ecb1242a659586d0aa33cd7a5e8bf03a692cfcfd46e8c0c54155040fe75cf56bc297c474d1c3d4adf023ccd102db80dd6a7081000bc8eb5dcf893e18a58a7c974c33f737115c45d59be9d2794cdbc81d4514eb42a2bc455684e8bb48617d8334dfb40f5a899fcd3b7b542e36f4cd6f7b9858bcabbdc62baff066909737f96193c571b6b312cb8c64d7b07c37d2fcc612b29ce715c75e7ece0f98edc2d2e799e85a36971c7080abf37d2ba9b65104601155ec2d962f988e3a55bb801172d903dabe36b4dcdea7da518460899f51c204520115aba16b2048bb8066ce0b66b82d54ddcc85add4bbff00b20e2b8b9ac3c52be74b1f98a3801141f7aa860d578f28aae26545f323ea197e2068fa3a2c73dcc6a7afdf15850fc72d123b886d63bc592591f855604d7cdf6be0af12ea576cb7b29863e0879013f875afa8ff00661fd9d74187c42354d48bdf4d085644908d84fb8c67b0ef5a470987a72e593d4f3ea636bce1ce9687d65e0fd3df48f0dd9c3720f9c7ef0f4e056a4b8f31b1d33c54a8fb19ce036eec7a0fa542c306bd884791599f2b51f34f986ff8d2d3589038f5a6ef3548c06d31fad3ea37eb4a4031feefe34ca7bf4fc6995004725443ee1fad4b25443ee1fad0042ff7bf1aaf25587eb55a4ab8ec041254153312dd6985702a808dfeefe351d39c9ce29b4011546ff7aa4c546fd6801b50c952b1c0aad239ad23b09bb11c95053e473506f3544b7724a299bcd26f341259a54fbd51ef34f88e4d04dd1693a5588eaba7ddab11d344b773b883fe3da9cddaa181cfd9aa50720575ad896ec1fe347f8d1453279919fadffa8b7af22f8a1fea352ffaf71fd6bd7b581badd09fe1e95e45f1257cc8b5107bdae78fc6828fca5666553b860d5095caf1b88526b52e245c74aa2f08b864dbd32735d6759e85fb3de816da8f8a2e25b802416f19255bebff00d6af5fd3e2935fd527dea4a07da8a0e2bc63e066ac9a3f8f2dde53882e54c7d7ab6463fad7d05a145fd99a86af185cdc970631f9d7cde657e7d0fb0ca79151bbdee719f11f4386d63df3b98e44cec8d4e49fc2bcb758f095f35a8b95b494a38c82149aeff59d5d5ef1679b75c5cbff000bf4adff0004dd5c789a2d49af36a2dbaa84441f2ff17f856786aae943999389c37b69dd1f3a4964f070c8cb267ee9183551e3769366d21bdc57b578a7c3f6936a32c57b24768cb82ac0804f5af37d4f4cfb16a184712c7d88af7e8575347835f0ae0ca7a4e9de6b8703e453cf35ef5e0ab75b7b78f60e0f35e55a2e9c15a54c7422bd67c311b2c3111d0715e763a7a1df8086a7a1d845e647b5c63bd599edfcd5da471546c6f42607b56ac332b8af929ce4b5e87d7461a1ce6bde207d1ad192ded9779e84d79ab78eb54b532ef83cdba9480a8a7803b7f3af735f0826b109561934cd07e0c5b26ae27b952718c038ae9a38fa708ed76795570b39cf7b1c7f817c35ae5e5f7dbeedda38e41c23722bea6f855ac0d18c2ad867046fedc5711796eba7c891ac212dd4633ef4cd2f5478afb119c0af26a6265565ce958f4e9e1142972c9dcfadd2657447072add0d23f2df4ae6fc0fab9d5342656e648f1cd744b9daa7b915f5b42a7b4a0a6cfcf2be1e542bb8311feed47523f2bf8d32ba7a183dc6ef14c6209a4c5153210d7e9f8d329eff0077f1a67e150044e73d2a2276ae0f5a92a29a80226605aa092a4fe3a8e4eb5a47602ad237dda5fc291ba55015dbef1a61902f5a7bfdeaaf25200de3de98c726928a0047e9f8d5493fad5b7e9f8d5493fad691d88915e4a86a692a1aa2428a28a0096a587fad4552c3fd68312ca9c2d4f1b8aaff00c03eb52c74d6e076f6e41b65c7f174a9b3b783d4557b4ff8f683eb534bfeb1beb5d6b626438302696a34fbd525320a3ab7fc7b0af22f88bf72fbded38fd6bd7756ff008f615e47f11beede7fd7a9a0d4fc9f34cda4bf14aee00e29b0c8c6420638f5aef9cd1d908176d609a191248095914e4115f4df86b586f1768b67ab5aca16fa21e54c9ebfe79af9fbc312acf76aaf1873d3815f40784b4d1a3dba3db46101e4ab7435f3d99352a7e67d1e56dc2a5ba19dab6816be21d45a658da071d2a8f85ad357f09eaed6ae03d95d1c3391d3fce6bd36db4fb5bc43227c930fe1245626af64c16570492a0600ec79af12359c5729f473a6a7ef0df13f85ecb5ab2741d62e030c64e7ff00d55e03e22d14d95f84889210f39afa225ba169a3c4cd8cb0f981eb9af0bf126d9f5295958fce79af4b052945dd9e063e2a4ac56d02511cdb5c65cd7a9681148d10671839e2bcd34cb58f4fb9507748e4f7af5ad29952dd07f1f523dab5c4ec67825c8cd98dfcac1357ac5f79eb59eab1dc818271df9ad0b081a29b68e57debe7e71b9f51199da685aa1b3badd8ca9af47d2e55bc8de44c6f5c63f1af28d341310c8fc6bd1bc2f27976cc8c700f39ef5c152075a9239af88baf25beb10d84720121e5ce7a557b8d3574d54962b9dc5873cd70fe2cd47ec9e30bbbbd40811b9c0c9c6304f4cd7a07817e1d78cfe25e9f0ea1a37f65c5a3f9a63796eb2cd8e31821c0f5ed5d2b0ae5133af89a705ef33d8be13ebe936a36700058b27cf835ec0df78e3a678ae33e1cfc3983c0b0b4f24c6f6f5c05e08dabf403fc6bb32a460118e3d6bd9c1c3d946ccf80cceb2c4d7e68898a5a6b1c0a6ef3ed5d67977b8de298fd68de6909cd0031cf151d49274a6500472545fc07eb5231ddd698c30b4015dfef55793a5597fbd55a4ab880ca8a6a95d76f4a864391560403ef9a8a4a7bb1539151336eeb4804a8dfef54951bfdea006d4127f5a9ea093fad691d88910495054f2541544850691ce0533cc34087475657ef0aaea3153467268322d27ddab11d574fbb5623a6b703b2b1ff008f382a7eedf5a82c3fe3ce0a9ff89beb5d6b626414519a334c82b6afff001ec2bc9be21fdf9ffebd1ffa57aaeaee7ecc2bcafc7a37bcd9ff009f47fe9401f9430d8349d1491ebdaba7d17c0971a9a0fdcb609fbcbd2bea5f8aff00b2c45148357f0842d1cc99325ab10f1fb63ffd75c1f866457b96b4b88fec3729c3c2ebb4e7d403da962a6e92ba3e830f0f68cc9f067c36b5d363123a969063ad7a74765108d579551496b6ab6e0af07deaccb2ac6b5f2b5ab4ab3d4fa6c3d1548a124799b31b947eea2a3be9a3b184bc84b03d78a957fe3eeb1bc60e059e3ce087278359c1272573b672e485ce1fc55e326fb4ec8f77958200da6b8366fb4dd969895cfa735d5dedac33c783209243d00358634df218abfde3d2be829a8c63a1f37579aa48b3a6f94b7d807791ddb8aeb6c75476c303df6d70d15bcca5430dae7bd75168c9616a158e727393eb58555ccb537a6f9763b3b7d4120d803839393839aeb74e9fed003c6370f5af30d2e74b76f30fef59be50bf5af47d0596080248e2166e80d7915a3c8bdd3d3a751f53b1d3203b557804fbf15d969332436b33bb0545e01cf7ae374d712b47029e5f906b85f885f156786f5348d2103c6848924193f37715c4a12a8767b7e457665fc5fd4fedd7e60b69226983608273fd7ad7d59fb1cf86b52f0b7c33953525759659b7c714a080462b96f827fb33e8faf59db78a75e9de76930eb06e18cf5e98f7afa7e2b78618d23895208d46238978cd7bb4e2e11d4f8fcc7131a8ec49801721403fdd14c0e07f0ecf62734fa8dfef56a7951d1dc56604533fc68a29b7704ac4545145480d7e94ca7bf4a653022a648c00a7545350042ee3755791c548df7aabc9571d8057915ba5412300314fa8a6aa02bcac09a652b7de349400dde29ac726928ad3950084e2ab48e3f5ab127ddaa927f5a6b422447238a8778a7c955f8a648f760c2994714531135491b006a314abf7852322e238db56237154d3eed598e9a03b6d39c3d9c18ab00e4b7d6a9e91ff001e5055b5eadf5aeb5b132168a28a6414755e6d4115e59e393ba595475368ff00d2bd5353ff008f315e57e36ff8fb7ffaf593fa50058b9536a863ea0d79b78f7e18e93e29559d89b5be41fbb962c0c7fbdc57a8ea4430ac368d5f703c6ee188ee2b7af18545a9eed29b87c27cdd3477de1fbd6b0d6316b2b7fab9c0f9641f5e9e95399f72300ea5e3fbafd8d7b2f8b3c1763e27b536f280ac3ee393f74d780f88747d5bc05786db50b595f4f24edba0a48fcc715f3189c2b8caf0d8fa1c2e239a3efee684b32c7c8e4d656aa5ef6ddd7c9de18601c53ede78e701bcd52aff007581c8fc6a7759203d1b0bcf1d0d79f1ba958f5a6a2e1767976a76ed0cbb6381848bd73e959f05edbb485656f2d87ad759ae5b3df798f1c81662dd17d2b8ad4255b26db3c0864f520d7b74af28d91e0547ece5a16dee55a7558c897e95ad1c11c53299508623ee9ae560d46ded98346541fad6fe99e28b42ac6e0abcdd073c62b49d392442924f5366eb56b7d36265800690a9c66aee85a8dddcdac725c71e95cd453c17b333b3220c75278ab43c516b66e9b1b7a276cf15c52a7cfeedb53ab9d455cf4dd4bc58fe1bd062b95005f5d9f2ed50f5c7d3f1159da7dae9da25c5baea8e0dfdd3fdeec0f7fe75c2689e241e24f16dbc97ae0d9c1c44a38039ff00eb0af76d3b46d2ee996f2748e775c88ccadf28f53c639e95c551fd5f4b6a7653929c5b47d85f0d748b7d13c0fa7da5b4c2e1106e2e083d40ff000ae9481907b8ae27e0ddc493f812c9a58fcb0ca368e79c0e739fc2bb7af5e12e685e47c6621deab4d10d14669acc41accc81fa53294b16149400546ff7a8f30d216c9a002a092a5638151b2eea008a91feed2d472b10280216fbd55e4a9b7167a864ad23b01049517f01fad4b2d40cc42d302197fad474e918b1c5331400b51bfdea379f6a42726b6012a092a6638155a473419b2392abe3e9524ae7daa0dfec29a5725bb0fc7d28c53379f414073e82ab9593cc892a48bfad478a7231522972b20b89f76acc754d1ceded56237345adab19d8691ff1e556d3eed53d24e6ca30b82c7ef7b56ce91a4dc6b57f1d9da21924279603200aeba7173d8cdb2a515bbe31f0acde14d42285f2d148a59646f6c71fad61273c36013d2aa5171dc1c5a2bea5ff001e62bcbbc663fd307fd7b49ffb2d7a6ea4e7ec62bcc7c60775f460f78241ff00a0d2b3245bab8c160c1b2bd78ace9e4040da739e6945e457c82e2dae9278a4f420d51276311d79ad667d04204cae5012c01cf1cd52bdb0b6d46dcdbdd40b7109fe1939a9c3eee296b92566accea8a717a1e13e2ef84f75e1890dce88cd7164df7a072094fa573705ff009e8d1ee3138e0c727cad9fa1afa68c1bd0a18c4abe86b8cf17fc2eb0f117efa088d9df0180ea700fa579956827aa3d2a75dad247cef776d895931e5cd9c8c9eb5cfded8a6a736c9936c83a62bbef11786b50f0fea223d4ad9828c85b8c601f6ae66f940b906019358c54a03938cce0350f09ac00047c31e80b006b9e96292c3e5da720f3bb835ed9078527d7ee523b0b56bcbd9ce0220cedaf78d2ff00608b4bfd1239f57d5ee22d4e419da806d51d87dd3ef5dd4ab6bef1e457e483dcf866fb5593cb0881cf72141aa4ba9c937ee83155f5c64d7da83fe09c97135e912f8a248ed8f3f285ddfcab5dff00e09bda22443c9f10de99bbb617ff0089aeee7a69f31c53acdfbb17a1f18e93aa451b05593663b9e2bddfe115a6bbf126fa3d1f4f8a59e056dcf70830a3db774f5af63f0eff00c13c344b1bc59f52f11cf77183fea8055cff00e3b5f48fc3bf85fe1ef85fa6fd8f40b6f262dc5d9e6e5cb1ebcfa715c35bd9d47768d562a5462749a3d9c5a56970d9c51844886dc0ed56b78a6fcac0b03b893ce29b5126a4ac8e072e77cc26f14c639349456430240a4de291fa533f0a40148580a5fc2a37fbd4c01dc6299bc523f4fc6994008582f5a8a460c3229d25443ee1fad00459c3f35148e2a47fbd55e4ab8ec047238aacf20c62a692aa3fdeaa010f24d2514500454858034b4c7fbd5b0033022aac9562a093fad0432bcb501600d4f2d557fbd551dcce43b78a378a8e8ad8ccb3bc52ab8dc2a3a55fbc2802da3022ad2fc8327a5548182f27a55a894dc9c2d43d5d8ae876be18b396fa24b5b74696595b0a1464d7d0de08f0a59f862c99576c976bccadb81d84f6af33d2a4b5f841e19824d4e5823f116ace05bdbca46e8b1d78fab0adff008712ddda6bb790c72cb7d677647da5e4e4c6e33923d01cfe95ed61a95a37307b9d3f8b3c371788b4a9aca56632afef2172304e3b7f2af0a9e17825104aa63780e1c11835f4ccf179a8aebfbc987cc31db1d07e39fd2bca7e2cf855c795acdac5b0367cf51d074ffebd675606f3f84f2ed4ff00e3cc579978bd80d46007bc4f8ffc76bd3753ff008f315e61e31ff909daff00d737ff00d96b98c0e4b5fd22e743be7bfd16137018667d349e187f7874c1ebc03f851a46bb67afc1e7d84be7aa71242dc3a9f71d6bd5b58f0f26a0eb25b8305daf2d1370ac7d7d7f5af1ef1d7c3fd5b43bb3ad6811fd9efc733da1ff005771fee8eb9eb9e7b8a2a53713e8613371d3cbdb83957e40ee29b585e19f1b5978b222514dbddc7f2cf6adc346de983f43f95746d6fb0852c379e82bcf93d4ef83ba25b7439ab2f1f3505b336fc102b4fc90c4548e5b189aae8767ad5b182f230f131e4e3915e1de34f82b7ba05f9bcd2f75de9ad9240f988afa39ed06cef4c5b70b198f01a33fc07a52b10787feccdaf697a6fc45f3e5559a32eb17cc3a726bee4d42d7ecf75228e63ce57e95f1c7887e180f0c789a0d77448da1b3762f3c40e42104118efdcf5afad7c29ad47e2af09d8ea70b1937c615bfde039fe75ac6178729c75e9f36a58dd96c77a764d458daf9e87d0d2ef3e95cf2d343ce63703d28eb4534b106b390b706185e3d6994a589149500151bfdea5f30d358ee3400514d63b4537cc3400da28cd3598834003f4fc699448e71f8d33cc3400925443ee1fad0d296ea29a5885e94010cbfd6a9c956a4624e3deaac9571d80824a887dca964a819885aa0236eb494d673b8f4a4de7d050036a37fbd4bbcd46ee7756c00fd3f1a8e959891513ca57b0a08911495054f2541c019aa8ee6721afd29944927614cde6b633278eac2fde1559485ef52c4e5a5032aabd4934d2e702cbb88e1662e100fe23dabda7e14fc3c5b0b0b8f146b16ce2dadd035a5ab0e49e49623a91c0ae6be0e7c3493c6f7e6fefe075d16d98120f0646ec39edc1ce2be9f0b11cc0b0a7905762c647cbb7d2bb6861ed2e6626ae7cbff00f0926b9e38f1606b2d2a1d4e4d69711c97033f6600f23a80bf7873fe15f44f84fc35078474e8e28a579dc8c3c927573eb547c0bf0f34ff0001d94d05babcad23eef36620ba8fee823a0e7ebef5d1844798b1dca84e4e3a66bd37149dd0943b931fdd3fcbfc550df5ac77d07d92e80f28d52d7bc43a7f87628df509c42647091a9601989eff004abc63693e6dc240177139e315228b8c9dae7ce7e3af0fcbe17ba9ed5958a37faa73d0aff9c57cd3f1dfc6ebe11b5b16b49e3fb53ab8446209c7cb8afbc3e2ae87697de109ae6f6ea1b33648641752b0550b8fbac4f7e2bf1afe33f8fae7c7de2f9e4870b68998e2299e067deb3a541ce6d994f73f52752f0d23bee21430ff0096818573fa8f8755e3cca438ecfdff000a5bbd4ef157e66359536bd70b953c81cd79d5f151a8bdd47d042123c2be28fc2f9f47d63fb63455680807794e037d4567f837e20dbeb17834dd4b169a8a8f90c9950ff427835f4279f06b36cc934224078db8eb5e01f163e0a4b70aef65235b4884b5add21c6d6f43fa5795777d4ef85e2ac776d018c47263e571918ebf955fb51e6a8c77f5af17f859f18a59a66d0bc54a2c35588850ee319ed5ee56f0ac6a0a3065fef0ef5ab5a5cd2f7d077d9c818239a3ece7d0568450ef5cd49f67a91f2988d69e610b718314849910f21471ff00d7aed7e02bb2f82664d98486f658d54f4da02e2b9efb12c91c8a81941e864e2bb3f873aa69ada5369f68f1954918b346739738cff215d14e6d33292935cb13a5b8d3daf15a785492bd547a56675c60839ec0e6b7b4ebc7b3bb0b261437ca41eebdeb3fc43a50d32fb36a0a432f21cf4a5529ab7323c79c5a958a1bc5318e4f14da51d2b81eda9004e29378a47e94ca810534b01d69d51bfdea005660471eb4ca31ed463da801378a8ddc6ea298ff007a80066045368a280212bb7a8a633002a596abbf4a0089dc6eaaf238a91fef55793fad5c76019238aacf22e31dea596aabfdeaa01aec339a6ef143f4fc6a3a002a391806a92a09befd6c473ae81bc541238a7f4a825a343273d6d61f2123f85bfef9355257c7039f61576d2d2ef546d96b6d3de1fef42b95ae974af83faeeaa43cb10b3c9c6e7600e3e84d35251d4be4a92d91c21930fce47d4629e4e0e3a9f6e6bd4e4f8256b6617ed7accad264711007ff0065350defc1ab57901b2d6b2de92aff00801511ae9bb1d5f52aad5d23cd41241208207a1ce7e9eb5d77c32f014ff1175a4b44565b584869a5070003db9ebd0d5e4f831e209ef2182d0c33acc78f2c83e50f7e7dff004afa63c05e06b0f0168ff60b440d76df34d29e4963d6bd3c243da6a8e0942a427cb246be99a65ae8f6b158d92082d235dbc7fcb4f73fe7bd598e65b889c0c068ba1f5a4b88b742369f95072696c2de2861cb37facaf5f95c741eab424b7dec81a419cf4ac4f1a78d6cfc09a14faaea0cb1a27090904b4a7d80e7ff00d75d1210ad1b0fb9bb6bfb57cabf14b57d5bc53e23d4ec3570d0bd8c84d9c4380ca49e4fae768a7085d9cf5ea3842e739ae78feffc6fabc97da8ccdb7701042838407d31d7a0afa6be19dedf49e0a8a6d601b7972155a5e372e2bc9be137c158ece47d7fc467ecda7478686d9ce307a9cf7ec2bcff00f6b8fdabedfc1da72e95a55d451b4bb84291f5e31fe34e493d207350a6d3e76cf2cfdbcbf6a7fedab81e0cd0af447a746cc6ede2c8695b8039fcff003af836efc4a8cd22a20047438ef53f893c676b7d7d7377785af6795ffd6124fad7373ea365a86f48c889b71f9ebba9da9ec74b57773f6aeceef4fd6971220b46feeb8c7f3aabaaf85a3552630ad111d462ba3d4fc2cb78bba288071dc1c56543a76aba6644c82687d31935e0d5a29af751eec2ab3cdb55d29b47995a12db7773cd588cc7abc4d6b740796dd0e2bb0d5b453a85b39113ae7b63915c104934cbe10c9f36d3c67ad78f520e12d4ed84f991e0bfb437c149f51ff899d8295bf404b3c5c71ebc5719f073f68097c3b7e9e1ff001a49b60e12dae986368e9f31fcbad7d99736906ad6399115d5ce5be9e9f4af913e367c1387fb45e48ad5960998b464763dc67d39149494b446cb4d4fa774e48ae2049ade74b8858656546c86ab7e41af97bf67ff00885ab7849df49d499ef74d2c163798132478fa76fa8ed5f56dbcb05e442682457848ceecf4a7cacae64509668ac11eeee582410a33b96e802e3fc6be1ff82ff1f352f06f8aaeae649cdce8da8dc6e96324b18f9ea3b8ce4fe55f4e7ed33e338fc13f0735ab86758aeaf10db4009ea581e9efd2bf38fc2b7cd0ba1ddc0c647a8ffeb7f5ab82ea7461650e77cc7ecbe95ad5bebba7db6a317ef6274dd9539c7a7f5ad49f54b29963b7bf93c9478cc9e731e1457837ec95e2c9bc41f0eeeede67124fa7940c09ce4303b73ff7c9af63b6b38757b89a19c79d6a22f280271807a9fd2ba6128cb438f1147966d11ea361358dcb5a5c2ec763b91fb1aae0ec24160e73d456f685653ebfa1dc69d74e64d5348608246c06901cf2dff7cf6f5ac5d4b4e9b4c23cd85806e723a62b97134654fdee878934e32b32191f2b8f7a8b26948e010c08f4ef498ae0262f9b60c9a63939a40e7d28273400668cd358ed14df33e9400dfce8a334c67c1a005938151e4fad0f212299bcd03090f1d6abb93b69ed216ec2a19588140885c9dd55e43531625fa54327f5ab8ec04121f7a82a692ab492ac40139e7d2ad2b80b274fc6a3a74c4c6818e003ef56f48d0eff005f7f2eca02cdfdf6185fceab9594a2dec6633f983e60634f5357749d1aeb5c9fc9b2b592e5ba670401f8d75b6ff0da3b0895f5dd45115790b03af3fceba3b1f1158dac621d31238631c6f41c93f5356b536a3856f5663e9ff05cadb96d4f5130ca4fdd84838fd0d6b58fc2dd07473be799ae73ff003d09ab7ff091476884bbe7279cf3505c7c40b3036b7967ea2b1a978ea7a54e843a23a5d365d3f4d061b3b44853fbdb714977adda84950cacae47056bcb35af8822d1415977c07a3a0e6b125f1f4f27c916181e770feb5cfed13dcf4e387a96bc523d2bc4291ea060d9a8b46bb4ab6c201e71ea2b35eeac740b7b70249aea584104b3673d3d3e95e5d77e253768e66b959205e5cc6fb76fe358d3f8c2f3599c43a2595dea1704e6348217607ea48a54e9b93d0d9ed672b1edff000f7e205ddff8d2cb4e8e332cf21f31a18c7302647dec7f5f4afa2e5200255f70fef0af34f82bf083fe15b698d7baa4a2ebc4fa82afda6e320ac606784c74e58fe42bd2d230db801b4162703a57d3e070ef0f0b49ea7cae61888e22ade9ec2c00329dc781cfd6a48c2dc2e7a6de82a010191c46c4aaf5c8eb4e7262236f4af41276bb3ca4ac3a0932bb3be735caf89fc05a26a1e27b3f12ea33088d9260a1e15f9cf3c73d2ba495e2d295ae6e6748edd07cce4e01fa57cc9fb477c68b98bc09ae5e69d20482da26f2948e1db07af7ed53cf6764295ada9c4fed2dfb6f7873c2578da55bccb7af0ee296f06719e39247a7f5afcd5f88df1726f1d6bb26a57c1a67949f2d5810a9f4a7cf60fe20d42eaf754696eeea43b9149f9707af4e7d2b3afb45ba5923d82ce38bfb8ddbf335df0a4d6bd4c5fbda3394fed2b09177989a1cff007c35327b4b6922df6732cc09e554f7adad4adf53b48033416f728dd82aff004ae625859dff00d1b75ace3ef23e0002b16da76675a49ad0fe806e9351ff009671103ea055492df5761959628bd9ca9abe756b67fb970f2fd07ff5aab5d6a16cb1ee78a407fbcd9ae599d9030ee23d615cef314a3fd92a2b9ef1178723d560deb135b5d8cf22bb08ef6c6504acbf3fa134d92c263f3f9ab321fe118af22bc6f2b9d71958f34d2a39ecde4b4b94d8c3eee4f07f1aa7e29f0cc3e22d35e0950074e51bd0d77da869715dcde5ca044c3a374cd62ea56b2c2422afca3bfa8af3edcaee7646573e5a6f08bf8735d91cdbedf3ced2bd42ff009cd7a9687a90f0a2452cede669fb77bab1e805749e27f0c26accad12aa383f7ab8cf15e8f3ea3f0fb52b3854bdec509c15ebd29f3947847fc1447c431496be08d1adee079733cf7322f4042f95b0fe3b9abe36d1e46561c6e53900038e0d7a17c70d5b5ef12dff00875b5d66b841a7158641fdef973d3f0af3bb493646aea30a7a7d2bd0847dd253e495cfb53f61df8896967e3cd53429f75b7f6ac51884c8f956642c31edf7fbd7dc5e1981e18f6ca3696273cfa63fc6bf1e7c1be2bbaf0d6bf61aadacc6092d6512161e83ad7ebd693ad25edbdbddc647d9e6d92291e8739fe959c15a4cebacf99739d4698821f137988de5acf1e6461fc473ff00d7352eb92fdb2c520555924c918ef5534d9be737a7eea47c5436333dc49bc70ce01563d2bd0c4b8a51e63ca54d4db672d7111b6b830c9118e41cfcdd298ac1c9c1fc6bd32e342b4d774fdb3a84997aca38e7d2bce353d1e7d26e5ade7cac64f0d5e2d4c338fbe7038f248ac3a521600d2d31fef571920cc08a6d19a2801bbc546ee37514c6eb4003b8c7e34cde291fa532801bbc54729c8a3348ff00768020270c6a191854adf7aab49571d808e59154e09c7d6a94f7288a490491d011d6a5698cd84488dc5c1ff966bd456cd8f868a2acf79895fb463f86aaf635a74dd476456f0de903546fb45fa32c4bd1338c9aecee3c570d8db0b7b7f2eda21c6d897e63f8d73d7be685db17e6bd85733a9ce2c5b7190b37a134739edd0c3c62bde37b55bffb6c7ba576318f57acdb5d7e2b45223c061fc20e6b21d5ef32d348521fad539ec2c2d2dd992e9c4c49c1cf15954a9c874469723b1ada878ba59f2a78fc2b185ddd4d31cab62b92d43c4ba9e88c51b4f4bd42721f38feb5c6ea1f137c55addf7d874ad3da2947f723ddfe35c6eaaaba753d1851e5d7a1eb5a84f6fa6db3bdcdc24112ff0004cd8fe75c8d8db7883e216b3069fe16b49e48c9fdecea36a60fbb715e81f0aff649f1378f2ee2d43c697f31b0c8220de173ebd2bed0f05fc3cd07c0b6496ba5e9d05bc69d188cb13f535eae1b012a9acf63cac4e65eca4e14b73c7be18fecb369a669e7fe120cdd0665636e64e4b0cf391dabdc2c7c1ba568d6823b1d3acac8afdc68221bc7e2735a12cac8303b9ed530dee95f41468c28ab247cd4eb54af2bc9d8c6b101e291db250b7caa4e48157259a38467ee8e82a9bffa34de40e05335091c15503e4f5aea398923b890dd0c8f908e31c927d3156aea586ca19a6ba9e1b78611ba49a59155107a9627005431db24863dae55c1ce57a8f715f9b5ff00050ffdb317567b8f86be05d480b142ebad6a36c4fef0f411a37a7dfce3db9a566dd908f6cf1e7ed97e0af1a789a5d06c35db68f4e83a364a87e7d4fd2bc9bf690f16dacff0b1d34eb8b7b98aea508c61955be5c1f43ef5f9dfa7b2c66525a4f9fa11bb7577de1bd7750b9d067b6bcbd792cfcc558d58f43ce7fa574d1c3cb9d3444f626d342192485999235c0f357af7c8ab1a5782e5f175dddc1a747e7cf0aef2acff00311cf419e7a76aaf0a0324b1b9d91ab12cfe95afe09f19af81fc71a76a766a243136c94b0cab8c8ebfad7d361634e52519f73038bbcd104963071341246c5645273b4f1d6b94bdd28a2bb4c8d2c2cc46f43f363f0afac7e3dfc38820b74f1bf86e31fd91a80324f6a3fe59f71c1e47535f3789a128515d51371c16f4ae2c7e0fead5d537d4d213f74fd749e3d56fe3fb469fa93443ba1451fd2a84ade298d0b457c59ffbb2a291fca9e9711c6fba3723fd90c7156e0d6a543b5a4f97d0815f0b36cfa0823157e21eb9a3b6352d2d2ee31d59230bff00a0e2b634ff0089ba16a6c0bcf369ee3aa8dd8fd735a4935bdd02250a548e8403589aaf81b48d554858cc2c7f8a23835c6eab8e8764609ad4eb2dafadafd4badc26a047f1ab631f87152318ee222b2640cf71835e37a9786b5df05cc2e2d64925b6ff00a66735d1f873e240d4655b6bf511bff7b041a97539b42b952d8e8af2c9a263de1cf5f7aa96f616a59815501b8231d7eb5b929568f2184919e40158b704ae5d1415a407c13fb62f849bc3b7125b410aa5a5a4e6ead5d4004ac9d573e83cb5e3debe6478421207001c62bf41bf6d0f03ddf883c17a7ebba7422e62b41245768bfc208520faf186afcfc81c5cc0180201e84f7f7ad60d9512c5bed6888ef8e07a9f4afd53f84faf5a5ffc2df0bdedfdf2431fd8d5339ead815f9596c0452a37520e403dcd7dd5f02f55b4d43e0369125dc8d2b69f76d08404f242aed07eb835d307cb3bb37946e7d40be3ab4d60db5ad8ab4569275dc0a9adfb1ba58df6aaec543b40ce78af20f0b5c48d1c324a0333745c600fa62bd1ec4c88032fcdcf3b8d151fb49dce470b1e89a7eae1176951b1b83c53f55d1575db716c54166ff56ddff3ae76d6f849128c2860474ef5d769b705d048e42b2f71d16bb28be75cacf3ab4353c86e6d27b3ba22e06d6f4a8198924915d06a96b26a96f2dd8c9643800f7158505a5c5c64456d2cac0f65af1eb5269de263c842fd29bcd3ae43dbb7972c6d14bd76b0a87cc3ed5cf772dc86ac3727d7f5a4a3fcf5a46620d0211fa5331ed4e67e3920542d232755c8f514009c5472264e73c52f9a98e4853e87ad30c53dd8c451907d5f8153cc8da31955d22882796345cbbed02abc56d75ab36c48cc283f8cf19ad5b7d2238dbfd201964feeff000d6864050a30aa3b0aca4eecf4a8e01db9a7b8cd26c6cb42b3c70f707f88f27f3ab12ced707cc9488e3c63238accb8bb8adc65b0c7d5ab0b51d6e59f31a3011e3b51176677fb3515645dd575e111305ae0e4f2d5ceddcb0407cd2de639fe1639aa3797a23523214e7ef77acb3334cdd723d4d44e66d0832f7da9aeb8c90be99e29b723618c120a6781e86aab4c2cdd90824f6c7f5aec3c03f0d751f8857a608815838f327420051ed9ef59c5ceacb922b43a67c9423cd51e861687f0ff0057f891a99b5d26d99f032f7078451f8f15f4c7c2afd9a740f0243e6de28d47517c12c7903f1aefbc15e08d3fc15a44765610850a06f97bb9f735d2c7218fd36fa57d461b2fa345734b73e5f178fad5172d3d896386248b622aa2af40a302a38a633c6491d0e2a38d8491e3711f4a76f08bb46d15ec595ad147911765793d47211e61c8c8f7ab16f20dd54958b31e452c774237fbaccbea2938aea3bbe850d7dc433dbc9d33514d3e017272a3afb0ef583e2ff17da978a084191d0fde1f76aa5d78b631e1eb9bd815649d46d489b387603a1ff3deb82789a706ecceafaa5495a4d1f387edebfb5cb7c13f0eff00c225e1bb94ff0084d3564633851936900e3af4524b1e7afcb5f919733ccd7133cb2b4970e374923b6ecb7ad7d91fb6b7c30d735dd72cfc472dadcdfebd70ccb31850b96538232074039e9ebcd7ceda7fc00f1c6ae4bc5e1ebe20f50d195fe75951c7d09c5d472571d7c255849412d0e5bc31a65deab2490d9c125c918c6326bd46d3c0573a069f6f25f4a0e58b94c8e3a57b8f80be026a5e1bf0dd92c1a4bc17bff2d6594a93d3ebf5acbf8a3e00d4346d0e4ba9d47991b125036463d7f4ac686769e2a34d3563a9e5ee341cd9e07aadfc977792dbdba79687abe38356b48d052d90b1ccae7b673537d8bcc6dfb4ec6208ab524ed1ca1633e5fd2bef93b4b98f967a591f4f7ecede1d97e2f78675ad1e5d51c49a5c48d1d8b2a9f33706f51cfdd1f9d7cddf153e1f0f0678ab50d3a581a3652c503ae3bd77ff00003e261f861e3fb3d5a3768ed18ac576dc90e99e0ffe85f9d7b3fedbbe02f226d0fc53a7db2dce99761a39ae54e70c7691f875ad2ae3e78897b3acfd19bc3e13d653555fe0933566def5a56058f35c8dbca99fbf5b3637454607ccb9eb5f99ce6cfa78451da594a1b1b9b0315ad6d708380d9fad72b62f1c8c373e38ae8ec67b72b894851eb5cae573a794da4e50aec0f19ff966fcd711e2ff008762e035e69e3cb954728a71fcebb449141fdd9dd56a23348394c81dbd695c6958f3bf0578b640ff00d9da8c66293180cf5d2de462c26254ef84f5aade2bf06a6a4a6fad945bde4672114e334ed0af8eb5a788ae462e61e187ad1ccc652bed16df59b1b9d2a7406cafa131b23f2327a1fe75f923af787e7f08789359d06e94acda5dcb40c0f3c038073dfa1afd798e26cbc4e76cf100c3f0cd7e7cfeda9e14b6f0ff00c6b86f2d6311c3abda79cf8fe270dc9ffc7857440a5a3b1e090fcb2838cede4d7d39fb286be1bc3de24d1aed818a2920bc851bfbff00bcdc3ff41af989032ed2392e01af59f803ac4765e369edae65f261ba4553efc9ff001addab9d77b687d91078b7c8685600182f5c0aed3c2fe369aea5749411cf00293fcabcaac351b3822558e13248df5af42f0d6857d3112cc469d698c994e327da9723e8632d15cf4dd0f5133b6172ee4f0aa324576f7bac5a691a78b492e516497ef3672457932789a3d361687468989e8d74c324fb73595f65d6f562cd86933ff2d1ce2bb5d5846365b9cb28296e7b145a8e89a5243e76a50cbc7cf1ae4f3f80a9dbc7b6ae9b34ad3d17039902719fc6bcd345f01cc8de6dd8c20fefbfff005ebafb6d4f4bd0e36f2b133f68901209ace13e96225462887c4fa6dd4fa7ff0068dc42158b01b810383ed5c990414047dfe95e89af3df788f488a39224b37fbc91f009a5d2fe1969d258446feea7595fef6ccfcbf95632c34aaced03cfab069e879c070467f9d3376f248e83bd7a77fc2982e72dab6d5ff73ffb1ae73c4de0bb5d12ed6d23bc6b870a1cb0181cf6e9ed5857c2d4c3c79a6674e9cea4f951c79904bc22194e7ee8e2ad41a4dd5f0c63c91eec2b6ededaded9372c6848e09ef4925d449c676578feda57b1ecc72f56bc8a70e816cadba52656f5e454f26d84ecc02be82966d45187cbfa566dcdf05249eb53cccee8c231d90cbcb90a4ede07a1ac6bad57cb3cb62aa6a9ac80c403cd72da86b67775aa5256d4d9293d4d9d4ef891876c573d73a9adbe417fd2b1350f133487ef5655c6a2d72d906b195548d234dc9d99a577a83dc49c12573daac4731551b41625770da33c566c16eef1eedfe581c96ef50788fc610e83ace95e1dd3e48e7f16eb1722d6ced54652dba0df2f60324753d8d14a12aeec8a94e14be23d1fc07e06bdf1ef88c6976c1e59170d75228e2119ee7a03d78f6afb2fc21e12d37c1ba54763a74423423e77e4963eb58ff0a7e19695f0a3c369a658492deddc8435e6a2c0b4972e0705b3d0727a01d6bb0f98c8c5c05727242f4cfb57db6130b0c3436b9f1d8ac54f113d5e84b197887969feaf3c67bd529ef1c48c83965eb8ed53ddb325b6f56d9b4e58fb5715e20f1523155d3c6d0df7a53ffd7ad2a57a54e0f9999468ce6ec8e962d620b31fbf942fd32dfcaa0bcf18e9f00255c487fdd22bcd2eef6f265db08603d4d64dc5bdf42a5cc4f76e7d1f03f98af9aad9cd55eed189ecd1cb612fe233bdd4be27c8a852da2589b3feb1972315c7ea1f1564b694c535f2a03fddc573371e1df11eb270d7106976c792c5d59be98e4d6858783b44d2a3fdfbff0069de1ebe6ab63f90af2e78cc5d5d6f63dba586c1d2f8910fdbb54f135c8b7b68dad6c97adc30c13f81e7f4ae8c98b47b331c9309117919ee7bd666a1e2936f01c2c76ede80015e63e2bf1cdc31f2de5fbfc2e3b9af22ae3dd3bb4ceff64a714ada1a1abf88ed356f13280d1c972b1b60326703233d462afc68db7242affba00fe55cb7843c197316a3fdad7ac7cd642aa84f638ff0aed63d3de5e16be4ea5793a8e516695234e5649156659dba2c4377507b57967c56f0f49aae9735bcb02b798846e4e9fe79af5792c78ff8fa1f9d63f88347fb569ae9f6a427b0cf3ef5d184c54a9d78d4ec7355a7cf4dc11f9d57d04b6121b72dfead88da47351dbd9c8f2f9d2aed8bfbc4815e99f16bc3b69a378b37c481e39958803d7239fd6bce2f775c3f905f727f756bfa53018858da11a899f97e2697b1a9caf71f1dd79a92476f1811a0f957bbff00fabfad7db3f03b5cd3ff0068bf81baa781b569a39b55d3c2c285660645055823f078ced6fcabe7ef819fb39ea7f18a60c27fb06871105ef4108c41ecbdcf4f4afb67c1df063c17f07f4e9bfe119d30e9b7938559ef5a6732ce46769f998fab761d6bc3cd730a143969b7aaea75e17055abc5b8ad0f18b494fda08ed5a569a8bdbc8401919a28af9d99edc0db8aea4980653b4d74b6189221e665bf1a28ae53a4dbb3d596c9c208cb67b939ae821ba3200ca0a8fad145005a47dcc0900fd6b9cbdb35d235e49220079fd5474ff3cd1450054b9622e04dfc4dc1af913fe0a1de168e0b6f08f8851c2cbfe910ed1e83ca3fd68a2baa037f11f1f5d008f24718dacbd09f4ad9f075d1b2f16d831cb13301907de8a2ba4ec67dc167e28d3f445db61a5ae7fbf392e47e64d5e83e275fa5c09271f6b8c71e54802a8fc17145154b7329ec76da2fc64d36e0ac074258dcf5d87e5fd4d6edefc4e6b58c476d68b1a9ec40345151348e732adfc57ac78966005d9863eea38af45f01786d2f2fa4133ef31a87c9a28ab88e67506edb50633b70c41503fbbf4ad6d36592192c6d8bb3070b924934515dd424e35343cea9b9d94970ca42f600578678bb5596f3c4b7ee495d9214001e3028a2966726e96ac5856d553285fb6d2318f7ace96f1cb9cf34515f15f68fa8bb7113ce6accd66eda3518a28ab3038bd6b5878db8515c6ea7ab48efe9f4a28a1ec6d07a14a34f3bad685a5a46188232deb9a28a8a69731a5d9e85e0ef08c57e81e460d18e4a91d4576be17f01785ed6f9758b7d12dc6a2b273753665973fef3138a28af0ebce51aba3329c534ee7d696e4ac72638cbe0e292e7ef485bee21c8038a28afd7a1ad3573e165a4cf3ef127896e2fa731a13144bc15538cd73524a40c638f4a28af9dc6c22dbba3dbc336ac17372d12f158979afcd6f2100718a28af064dc17ba7a906e53d4e7affc6170ae7e5e95c76b3f1667d3e4c1859c8ee0ff00f5e8a2b8e5393dd9eb53a507ba2f4fe341ad69115c7d9f631f5ae06da67d6bc556f0c817ca56ce0fd68a2be7712958ee83d0f5eb7f0eb5e34ad6f793428842ed2d9f5f5a97fb2f52d20ee37ab32f60473fca8a2bc1968cc9ab3332dbc5692b6c36cbcfb0ad177b7b98f2601cf1d28a2a3a89e899f2cfed25a25be9d6c6fe05db289020f6cfff00aabc0f41d364d5359b7b64904734dff2d08c814515fd0b917bb838d8fccb30d713767e8168fae5b7c10f0769fa25a5925d98e308242319e3af18ad2f881e36b8baf0d5dced12c53c116f531138e9c753d78a28af97cca11926da3eb305269591ffd9);

-- --------------------------------------------------------

--
-- Table structure for table `phppos_customers`
--

CREATE TABLE IF NOT EXISTS `phppos_customers` (
  `person_id` int(10) NOT NULL,
  `account_number` varchar(255) COLLATE utf8_unicode_ci DEFAULT NULL,
  `company_name` varchar(255) COLLATE utf8_unicode_ci NOT NULL,
  `balance` decimal(23,10) NOT NULL DEFAULT '0.0000000000',
  `taxable` int(1) NOT NULL DEFAULT '1',
  `cc_token` varchar(255) COLLATE utf8_unicode_ci DEFAULT NULL,
  `cc_preview` varchar(255) COLLATE utf8_unicode_ci DEFAULT NULL,
  `card_issuer` varchar(255) COLLATE utf8_unicode_ci DEFAULT '',
  `tier_id` int(10) DEFAULT NULL,
  `deleted` int(1) NOT NULL DEFAULT '0',
  UNIQUE KEY `account_number` (`account_number`),
  KEY `person_id` (`person_id`),
  KEY `deleted` (`deleted`),
  KEY `cc_token` (`cc_token`),
  KEY `phppos_customers_ibfk_2` (`tier_id`)
) ENGINE=InnoDB DEFAULT CHARSET=utf8 COLLATE=utf8_unicode_ci;

--
-- Dumping data for table `phppos_customers`
--

INSERT INTO `phppos_customers` (`person_id`, `account_number`, `company_name`, `balance`, `taxable`, `cc_token`, `cc_preview`, `card_issuer`, `tier_id`, `deleted`) VALUES
(2, '112244553366', 'Infosys', 0.0000000000, 1, NULL, NULL, '', NULL, 1),
(51, '646496', 'Infosys', 0.0000000000, 1, NULL, NULL, '', NULL, 1),
(52, '646496796', 'Infosys', 0.0000000000, 1, NULL, NULL, '', NULL, 1),
(53, NULL, '', 0.0000000000, 1, NULL, NULL, '', NULL, 1),
(54, NULL, '', 0.0000000000, 1, NULL, NULL, '', NULL, 1),
(55, NULL, '', 0.0000000000, 1, NULL, NULL, '', NULL, 1),
(56, NULL, '', 0.0000000000, 1, NULL, NULL, '', NULL, 1),
(57, NULL, '', 0.0000000000, 1, NULL, NULL, '', NULL, 1),
(58, NULL, '', 0.0000000000, 1, NULL, NULL, '', NULL, 1),
(59, NULL, '', 0.0000000000, 1, NULL, NULL, '', NULL, 1),
(60, NULL, '', 0.0000000000, 1, NULL, NULL, '', NULL, 1),
(61, NULL, '', 0.0000000000, 1, NULL, NULL, '', NULL, 1),
(62, NULL, '', 0.0000000000, 1, NULL, NULL, '', NULL, 1),
(63, NULL, '', 0.0000000000, 1, NULL, NULL, '', NULL, 1),
(64, NULL, '', 0.0000000000, 1, NULL, NULL, '', NULL, 1),
(65, NULL, '', 0.0000000000, 1, NULL, NULL, '', NULL, 1),
(66, NULL, '', 0.0000000000, 1, NULL, NULL, '', NULL, 1),
(67, NULL, '', 0.0000000000, 1, NULL, NULL, '', NULL, 1),
(68, NULL, '', 0.0000000000, 1, NULL, NULL, '', NULL, 1),
(69, NULL, '', 0.0000000000, 1, NULL, NULL, '', NULL, 1),
(70, NULL, '', 0.0000000000, 1, NULL, NULL, '', NULL, 1),
(71, NULL, '', 0.0000000000, 1, NULL, NULL, '', NULL, 1),
(72, NULL, '', 0.0000000000, 1, NULL, NULL, '', NULL, 1),
(73, '1', 'Infosys', 0.0000000000, 1, NULL, NULL, '', NULL, 1),
(74, '234', 'Infosys', 0.0000000000, 1, NULL, NULL, '', NULL, 1),
(75, '5454', 'Infosys', 0.0000000000, 1, NULL, NULL, '', NULL, 1),
(76, '54878', 'Infosys', 0.0000000000, 1, NULL, NULL, '', NULL, 1),
(77, '54', 'Infosys', 0.0000000000, 1, NULL, NULL, '', NULL, 1),
(78, '547666', 'Infosys', 0.0000000000, 1, NULL, NULL, '', NULL, 1),
(79, '5476747', 'Infosys', 0.0000000000, 1, NULL, NULL, '', NULL, 1),
(80, '64674979', 'Infosys', 0.0000000000, 1, NULL, NULL, '', NULL, 1),
(81, '674797979', 'Infosys', 0.0000000000, 1, NULL, NULL, '', NULL, 1),
(82, NULL, '', 0.0000000000, 1, NULL, NULL, '', NULL, 1),
(83, NULL, '', 0.0000000000, 1, NULL, NULL, '', NULL, 1),
(84, NULL, '', 0.0000000000, 1, NULL, NULL, '', NULL, 1),
(85, NULL, '', 0.0000000000, 1, NULL, NULL, '', NULL, 1),
(86, NULL, '', 0.0000000000, 1, NULL, NULL, '', NULL, 1),
(87, NULL, '', 0.0000000000, 1, NULL, NULL, '', NULL, 1),
(88, NULL, '', 0.0000000000, 1, NULL, NULL, '', NULL, 1),
(89, NULL, '', 0.0000000000, 1, NULL, NULL, '', NULL, 1),
(90, NULL, '', 0.0000000000, 1, NULL, NULL, '', NULL, 1),
(91, NULL, '', 0.0000000000, 1, NULL, NULL, '', NULL, 1),
(92, NULL, '', 0.0000000000, 1, NULL, NULL, '', NULL, 1),
(93, NULL, '', 0.0000000000, 1, NULL, NULL, '', NULL, 1),
(94, '64564', 'Infosys', 0.0000000000, 1, NULL, NULL, '', NULL, 1),
(95, '6546464', 'Infosys', 0.0000000000, 1, NULL, NULL, '', NULL, 1),
(96, '646464', 'Infosys', 0.0000000000, 1, NULL, NULL, '', NULL, 1),
(97, '7977', 'Infosys', 0.0000000000, 1, NULL, NULL, '', NULL, 1),
(98, '33434', 'Infosys', 0.0000000000, 1, NULL, NULL, '', NULL, 1),
(99, '64679764', 'Infosys', 0.0000000000, 1, NULL, NULL, '', NULL, 1),
(100, '6467479', 'Infosys', 0.0000000000, 1, NULL, NULL, '', NULL, 1),
(101, '646479', 'Infosys', 0.0000000000, 1, NULL, NULL, '', NULL, 1),
(102, '6467796', 'Infosys', 0.0000000000, 1, NULL, NULL, '', NULL, 1),
(103, '64647986796', 'Infosys', 0.0000000000, 1, NULL, NULL, '', NULL, 1),
(104, NULL, '', 0.0000000000, 1, NULL, NULL, '', NULL, 1),
(105, NULL, '', 0.0000000000, 1, NULL, NULL, '', NULL, 1),
(106, NULL, '', 0.0000000000, 1, NULL, NULL, '', NULL, 1),
(107, NULL, '', 0.0000000000, 1, NULL, NULL, '', NULL, 1),
(108, NULL, '', 0.0000000000, 1, NULL, NULL, '', NULL, 1),
(109, NULL, '', 0.0000000000, 1, NULL, NULL, '', NULL, 1),
(110, NULL, '', 0.0000000000, 1, NULL, NULL, '', NULL, 1),
(111, NULL, '', 0.0000000000, 1, NULL, NULL, '', NULL, 1),
(112, NULL, '', 0.0000000000, 1, NULL, NULL, '', NULL, 1);

-- --------------------------------------------------------

--
-- Table structure for table `phppos_employees`
--

CREATE TABLE IF NOT EXISTS `phppos_employees` (
  `username` varchar(255) COLLATE utf8_unicode_ci DEFAULT NULL,
  `password` varchar(255) COLLATE utf8_unicode_ci NOT NULL,
  `person_id` int(10) NOT NULL,
  `language` varchar(255) COLLATE utf8_unicode_ci DEFAULT NULL,
  `deleted` int(1) NOT NULL DEFAULT '0',
  UNIQUE KEY `username` (`username`),
  KEY `person_id` (`person_id`),
  KEY `deleted` (`deleted`)
) ENGINE=InnoDB DEFAULT CHARSET=utf8 COLLATE=utf8_unicode_ci;

--
-- Dumping data for table `phppos_employees`
--

INSERT INTO `phppos_employees` (`username`, `password`, `person_id`, `language`, `deleted`) VALUES
('admin', '5f4dcc3b5aa765d61d8327deb882cf99', 1, 'english', 0);

-- --------------------------------------------------------

--
-- Table structure for table `phppos_employees_locations`
--

CREATE TABLE IF NOT EXISTS `phppos_employees_locations` (
  `employee_id` int(10) NOT NULL,
  `location_id` int(10) NOT NULL,
  PRIMARY KEY (`employee_id`,`location_id`),
  KEY `phppos_employees_locations_ibfk_2` (`location_id`)
) ENGINE=InnoDB DEFAULT CHARSET=utf8 COLLATE=utf8_unicode_ci;

--
-- Dumping data for table `phppos_employees_locations`
--

INSERT INTO `phppos_employees_locations` (`employee_id`, `location_id`) VALUES
(1, 1);

-- --------------------------------------------------------

--
-- Table structure for table `phppos_giftcards`
--

CREATE TABLE IF NOT EXISTS `phppos_giftcards` (
  `giftcard_id` int(11) NOT NULL AUTO_INCREMENT,
  `giftcard_number` varchar(255) COLLATE utf8_unicode_ci DEFAULT NULL,
  `value` decimal(23,10) NOT NULL,
  `customer_id` int(10) DEFAULT NULL,
  `deleted` int(1) NOT NULL DEFAULT '0',
  PRIMARY KEY (`giftcard_id`),
  UNIQUE KEY `giftcard_number` (`giftcard_number`),
  KEY `deleted` (`deleted`),
  KEY `phppos_giftcards_ibfk_1` (`customer_id`)
) ENGINE=InnoDB  DEFAULT CHARSET=utf8 COLLATE=utf8_unicode_ci AUTO_INCREMENT=6 ;

--
-- Dumping data for table `phppos_giftcards`
--

INSERT INTO `phppos_giftcards` (`giftcard_id`, `giftcard_number`, `value`, `customer_id`, `deleted`) VALUES
(1, NULL, 5000.0000000000, 96, 1),
(2, NULL, 3000.0000000000, 99, 1),
(3, NULL, 3500.0000000000, 100, 1),
(4, NULL, 4000.0000000000, 76, 1),
(5, NULL, 4500.0000000000, 73, 1);

-- --------------------------------------------------------

--
-- Table structure for table `phppos_inventory`
--

CREATE TABLE IF NOT EXISTS `phppos_inventory` (
  `trans_id` int(11) NOT NULL AUTO_INCREMENT,
  `trans_items` int(11) NOT NULL DEFAULT '0',
  `trans_user` int(11) NOT NULL DEFAULT '0',
  `trans_date` timestamp NOT NULL DEFAULT CURRENT_TIMESTAMP,
  `trans_comment` text COLLATE utf8_unicode_ci NOT NULL,
  `trans_inventory` decimal(23,10) NOT NULL DEFAULT '0.0000000000',
  `location_id` int(11) NOT NULL,
  PRIMARY KEY (`trans_id`),
  KEY `phppos_inventory_ibfk_1` (`trans_items`),
  KEY `phppos_inventory_ibfk_2` (`trans_user`),
  KEY `location_id` (`location_id`)
) ENGINE=InnoDB  DEFAULT CHARSET=utf8 COLLATE=utf8_unicode_ci AUTO_INCREMENT=79 ;

--
-- Dumping data for table `phppos_inventory`
--

INSERT INTO `phppos_inventory` (`trans_id`, `trans_items`, `trans_user`, `trans_date`, `trans_comment`, `trans_inventory`, `location_id`) VALUES
(1, 1, 1, '2016-01-07 00:35:02', 'Manual Edit of Quantity', 500.0000000000, 1),
(2, 1, 1, '2016-01-07 00:38:14', 'POS 1', -1.0000000000, 1),
(4, 4, 1, '2016-01-07 03:21:13', 'CSV Import', 245.0000000000, 1),
(5, 12, 1, '2016-01-07 03:27:55', 'CSV Import', 499.0000000000, 1),
(6, 13, 1, '2016-01-07 03:27:55', 'CSV Import', 0.0000000000, 1),
(7, 14, 1, '2016-01-07 03:27:55', 'CSV Import', 0.0000000000, 1),
(8, 15, 1, '2016-01-07 03:27:55', 'CSV Import', 0.0000000000, 1),
(9, 16, 1, '2016-01-07 03:27:55', 'CSV Import', 0.0000000000, 1),
(10, 17, 1, '2016-01-07 03:27:55', 'CSV Import', 0.0000000000, 1),
(11, 18, 1, '2016-01-07 03:27:55', 'CSV Import', 0.0000000000, 1),
(12, 19, 1, '2016-01-07 03:27:55', 'CSV Import', 0.0000000000, 1),
(13, 20, 1, '2016-01-07 03:27:55', 'CSV Import', 0.0000000000, 1),
(14, 21, 1, '2016-01-07 03:27:55', 'CSV Import', 0.0000000000, 1),
(15, 22, 1, '2016-01-07 03:27:55', 'CSV Import', 0.0000000000, 1),
(16, 23, 1, '2016-01-07 03:27:55', 'CSV Import', 0.0000000000, 1),
(17, 24, 1, '2016-01-07 03:27:55', 'CSV Import', 0.0000000000, 1),
(18, 25, 1, '2016-01-07 03:27:55', 'CSV Import', 0.0000000000, 1),
(19, 26, 1, '2016-01-07 03:27:55', 'CSV Import', 0.0000000000, 1),
(20, 27, 1, '2016-01-07 03:27:55', 'CSV Import', 0.0000000000, 1),
(21, 28, 1, '2016-01-07 03:27:55', 'CSV Import', 0.0000000000, 1),
(22, 29, 1, '2016-01-07 03:27:55', 'CSV Import', 0.0000000000, 1),
(23, 30, 1, '2016-01-07 03:27:55', 'CSV Import', 0.0000000000, 1),
(24, 31, 1, '2016-01-07 03:27:55', 'CSV Import', 0.0000000000, 1),
(25, 32, 1, '2016-01-07 03:27:55', 'CSV Import', 0.0000000000, 1),
(26, 33, 1, '2016-01-07 03:27:55', 'CSV Import', 0.0000000000, 1),
(27, 34, 1, '2016-01-07 03:27:55', 'CSV Import', 0.0000000000, 1),
(28, 35, 1, '2016-01-07 03:27:55', 'CSV Import', 0.0000000000, 1),
(29, 16, 1, '2016-01-07 03:29:01', 'CSV Import', 245.0000000000, 1),
(30, 17, 1, '2016-01-07 03:29:01', 'CSV Import', 499.0000000000, 1),
(31, 18, 1, '2016-01-07 03:29:01', 'CSV Import', 245.0000000000, 1),
(32, 19, 1, '2016-01-07 03:29:01', 'CSV Import', 499.0000000000, 1),
(33, 20, 1, '2016-01-07 03:29:01', 'CSV Import', 245.0000000000, 1),
(34, 21, 1, '2016-01-07 03:29:01', 'CSV Import', 499.0000000000, 1),
(35, 22, 1, '2016-01-07 03:29:01', 'CSV Import', 245.0000000000, 1),
(36, 36, 1, '2016-01-07 03:29:01', 'CSV Import', 0.0000000000, 1),
(37, 37, 1, '2016-01-07 03:29:01', 'CSV Import', 0.0000000000, 1),
(38, 38, 1, '2016-01-07 03:29:01', 'CSV Import', 0.0000000000, 1),
(39, 39, 1, '2016-01-07 03:29:01', 'CSV Import', 0.0000000000, 1),
(40, 40, 1, '2016-01-07 03:29:01', 'CSV Import', 0.0000000000, 1),
(41, 41, 1, '2016-01-07 03:29:01', 'CSV Import', 0.0000000000, 1),
(42, 42, 1, '2016-01-07 03:29:01', 'CSV Import', 0.0000000000, 1),
(43, 43, 1, '2016-01-07 03:29:01', 'CSV Import', 0.0000000000, 1),
(44, 44, 1, '2016-01-07 03:29:01', 'CSV Import', 0.0000000000, 1),
(45, 45, 1, '2016-01-07 03:29:01', 'CSV Import', 0.0000000000, 1),
(46, 46, 1, '2016-01-07 03:29:01', 'CSV Import', 0.0000000000, 1),
(47, 47, 1, '2016-01-07 03:29:01', 'CSV Import', 0.0000000000, 1),
(48, 48, 1, '2016-01-07 03:29:01', 'CSV Import', 0.0000000000, 1),
(49, 49, 1, '2016-01-07 03:29:01', 'CSV Import', 0.0000000000, 1),
(50, 50, 1, '2016-01-07 03:29:01', 'CSV Import', 0.0000000000, 1),
(51, 51, 1, '2016-01-07 03:29:01', 'CSV Import', 0.0000000000, 1),
(52, 52, 1, '2016-01-07 03:29:01', 'CSV Import', 0.0000000000, 1),
(53, 23, 1, '2016-01-07 03:30:13', 'CSV Import', 499.0000000000, 1),
(54, 24, 1, '2016-01-07 03:30:13', 'CSV Import', 245.0000000000, 1),
(55, 25, 1, '2016-01-07 03:30:13', 'CSV Import', 499.0000000000, 1),
(56, 26, 1, '2016-01-07 03:30:13', 'CSV Import', 245.0000000000, 1),
(57, 53, 1, '2016-01-07 03:30:13', 'CSV Import', 499.0000000000, 1),
(58, 54, 1, '2016-01-07 03:30:13', 'CSV Import', 245.0000000000, 1),
(59, 55, 1, '2016-01-07 03:30:13', 'CSV Import', 499.0000000000, 1),
(60, 56, 1, '2016-01-07 03:30:13', 'CSV Import', 245.0000000000, 1),
(61, 57, 1, '2016-01-07 03:30:13', 'CSV Import', 499.0000000000, 1),
(62, 12, 1, '2016-01-07 03:30:13', 'CSV Import', -254.0000000000, 1),
(63, 13, 1, '2016-01-07 03:30:13', 'CSV Import', 499.0000000000, 1),
(64, 14, 1, '2016-01-07 03:30:13', 'CSV Import', 245.0000000000, 1),
(65, 15, 1, '2016-01-07 03:30:13', 'CSV Import', 499.0000000000, 1),
(66, 4, 1, '2016-01-07 03:30:13', 'CSV Import', 0.0000000000, 1),
(67, 58, 1, '2016-01-07 03:30:13', 'CSV Import', 499.0000000000, 1),
(68, 59, 1, '2016-01-07 03:30:13', 'CSV Import', 245.0000000000, 1),
(69, 60, 1, '2016-01-07 03:30:13', 'CSV Import', 0.0000000000, 1),
(70, 61, 1, '2016-01-07 03:30:13', 'CSV Import', 0.0000000000, 1),
(71, 62, 1, '2016-01-07 03:30:13', 'CSV Import', 0.0000000000, 1),
(72, 63, 1, '2016-01-07 03:30:13', 'CSV Import', 0.0000000000, 1),
(73, 64, 1, '2016-01-07 03:30:13', 'CSV Import', 0.0000000000, 1),
(74, 65, 1, '2016-01-07 03:30:13', 'CSV Import', 0.0000000000, 1),
(75, 66, 1, '2016-01-07 03:30:13', 'CSV Import', 0.0000000000, 1),
(76, 67, 1, '2016-01-07 03:30:13', 'CSV Import', 0.0000000000, 1),
(77, 58, 1, '2016-01-07 04:00:56', 'POS 2', -1.0000000000, 1),
(78, 54, 1, '2016-01-07 04:00:56', 'POS 2', -1.0000000000, 1);

-- --------------------------------------------------------

--
-- Table structure for table `phppos_items`
--

CREATE TABLE IF NOT EXISTS `phppos_items` (
  `name` varchar(255) COLLATE utf8_unicode_ci NOT NULL,
  `category` varchar(255) COLLATE utf8_unicode_ci NOT NULL,
  `supplier_id` int(11) DEFAULT NULL,
  `item_number` varchar(255) COLLATE utf8_unicode_ci DEFAULT NULL,
  `product_id` varchar(255) COLLATE utf8_unicode_ci DEFAULT NULL,
  `description` varchar(255) COLLATE utf8_unicode_ci NOT NULL,
  `tax_included` int(1) NOT NULL DEFAULT '0',
  `cost_price` decimal(23,10) NOT NULL,
  `unit_price` decimal(23,10) NOT NULL,
  `promo_price` decimal(23,10) DEFAULT NULL,
  `start_date` date DEFAULT NULL,
  `end_date` date DEFAULT NULL,
  `reorder_level` decimal(23,10) DEFAULT NULL,
  `item_id` int(10) NOT NULL AUTO_INCREMENT,
  `allow_alt_description` tinyint(1) NOT NULL,
  `is_serialized` tinyint(1) NOT NULL,
  `image_id` int(10) DEFAULT NULL,
  `override_default_tax` int(1) NOT NULL DEFAULT '0',
  `is_service` int(1) NOT NULL DEFAULT '0',
  `deleted` int(1) NOT NULL DEFAULT '0',
  PRIMARY KEY (`item_id`),
  UNIQUE KEY `item_number` (`item_number`),
  UNIQUE KEY `product_id` (`product_id`),
  KEY `phppos_items_ibfk_1` (`supplier_id`),
  KEY `name` (`name`),
  KEY `category` (`category`),
  KEY `deleted` (`deleted`),
  KEY `phppos_items_ibfk_2` (`image_id`)
) ENGINE=InnoDB  DEFAULT CHARSET=utf8 COLLATE=utf8_unicode_ci AUTO_INCREMENT=68 ;

--
-- Dumping data for table `phppos_items`
--

INSERT INTO `phppos_items` (`name`, `category`, `supplier_id`, `item_number`, `product_id`, `description`, `tax_included`, `cost_price`, `unit_price`, `promo_price`, `start_date`, `end_date`, `reorder_level`, `item_id`, `allow_alt_description`, `is_serialized`, `image_id`, `override_default_tax`, `is_service`, `deleted`) VALUES
('Iphone 6S', 'Cell Phone', 3, 'A44775', 'P001', 'Iphone 6S Black color only', 0, 40000.0000000000, 55000.0000000000, 48000.0000000000, '2015-12-15', '2016-07-12', 5.0000000000, 1, 1, 1, NULL, 0, 0, 1),
('Z3', 'Lenovo', 3, 'A4N776', 'P040', 'Item description here', 0, 5445.0000000000, 5545.0000000000, NULL, NULL, NULL, 5.0000000000, 4, 1, 1, NULL, 0, 0, 1),
('Mika MX', 'Acer', 114, 'A4n784', 'P012', 'Item description here', 0, 69964.0000000000, 75964.0000000000, NULL, NULL, NULL, 5.0000000000, 12, 1, 1, NULL, 0, 0, 1),
('Roma RX', 'HTC', 3, 'A4n785', 'P013', 'Item description here', 0, 2464.0000000000, 3464.0000000000, NULL, NULL, NULL, 5.0000000000, 13, 1, 1, NULL, 0, 0, 1),
('Akta A4', 'Motorola', 113, 'A4N786', 'P014', 'Item description here', 0, 3656.0000000000, 4656.0000000000, NULL, NULL, NULL, 5.0000000000, 14, 1, 1, NULL, 0, 0, 1),
('Mika M3', 'Huawei', 114, 'A4n787', 'P015', 'Item description here', 0, 346.0000000000, 846.0000000000, NULL, NULL, NULL, 5.0000000000, 15, 1, 1, NULL, 0, 0, 1),
('GX2', 'Lenovo', 3, 'A4B788', 'P016', 'Item description here', 0, 79996.0000000000, 85996.0000000000, NULL, NULL, NULL, 5.0000000000, 16, 1, 1, NULL, 0, 0, 1),
('Guru White Edition', 'Xiaomi', 113, 'A4B789', 'P017', 'Item description here', 0, 456.0000000000, 856.0000000000, NULL, NULL, NULL, 5.0000000000, 17, 1, 1, NULL, 0, 0, 1),
('T4 Lite Edition', 'Acer', 114, 'A4B790', 'P018', 'Item description here', 0, 15000.0000000000, 17000.0000000000, NULL, NULL, NULL, 5.0000000000, 18, 1, 1, NULL, 0, 0, 1),
('Arty A3', 'HTC', 3, 'A4B791', 'P019', 'Item description here', 0, 4454.0000000000, 8454.0000000000, NULL, NULL, NULL, 5.0000000000, 19, 1, 1, NULL, 0, 0, 1),
('Mika M2', 'Motorola', 113, 'A4B792', 'P020', 'Item description here', 0, 5649.0000000000, 6649.0000000000, NULL, NULL, NULL, 5.0000000000, 20, 1, 1, NULL, 0, 0, 1),
('T4', 'Huawei', 114, 'A4B793', 'P021', 'Item description here', 0, 41564.0000000000, 48564.0000000000, NULL, NULL, NULL, 5.0000000000, 21, 1, 1, NULL, 0, 0, 1),
('Saga S3', 'Lenovo', 3, 'A4B794', 'P022', 'Item description here', 0, 644.0000000000, 644.0000000000, NULL, NULL, NULL, 5.0000000000, 22, 1, 1, NULL, 0, 0, 1),
('Rey R3', 'Xiaomi', 113, 'A4B795', 'P023', 'Item description here', 0, 4499.0000000000, 8499.0000000000, NULL, NULL, NULL, 5.0000000000, 23, 1, 1, NULL, 0, 0, 1),
('Guru', 'Acer', 114, 'A4B796', 'P024', 'Item description here', 0, 1449.0000000000, 1849.0000000000, NULL, NULL, NULL, 5.0000000000, 24, 1, 1, NULL, 0, 0, 1),
('Alto A2', 'HTC', 3, 'A4B797', 'P025', 'Item description here', 0, 1649.0000000000, 1849.0000000000, NULL, NULL, NULL, 5.0000000000, 25, 1, 1, NULL, 0, 0, 1),
('Roma R2', 'Motorola', 113, 'A4N798', 'P026', 'Item description here', 0, 41949.0000000000, 48949.0000000000, NULL, NULL, NULL, 5.0000000000, 26, 1, 1, NULL, 0, 0, 1),
('', '', NULL, NULL, NULL, '', 0, 0.0000000000, 0.0000000000, NULL, NULL, NULL, NULL, 27, 0, 0, NULL, 0, 0, 1),
('', '', NULL, NULL, NULL, '', 0, 0.0000000000, 0.0000000000, NULL, NULL, NULL, NULL, 28, 0, 0, NULL, 0, 0, 1),
('', '', NULL, NULL, NULL, '', 0, 0.0000000000, 0.0000000000, NULL, NULL, NULL, NULL, 29, 0, 0, NULL, 0, 0, 1),
('', '', NULL, NULL, NULL, '', 0, 0.0000000000, 0.0000000000, NULL, NULL, NULL, NULL, 30, 0, 0, NULL, 0, 0, 1),
('', '', NULL, NULL, NULL, '', 0, 0.0000000000, 0.0000000000, NULL, NULL, NULL, NULL, 31, 0, 0, NULL, 0, 0, 1),
('', '', NULL, NULL, NULL, '', 0, 0.0000000000, 0.0000000000, NULL, NULL, NULL, NULL, 32, 0, 0, NULL, 0, 0, 1),
('', '', NULL, NULL, NULL, '', 0, 0.0000000000, 0.0000000000, NULL, NULL, NULL, NULL, 33, 0, 0, NULL, 0, 0, 1),
('', '', NULL, NULL, NULL, '', 0, 0.0000000000, 0.0000000000, NULL, NULL, NULL, NULL, 34, 0, 0, NULL, 0, 0, 1),
('', '', NULL, NULL, NULL, '', 0, 0.0000000000, 0.0000000000, NULL, NULL, NULL, NULL, 35, 0, 0, NULL, 0, 0, 1),
('', '', NULL, NULL, NULL, '', 0, 0.0000000000, 0.0000000000, NULL, NULL, NULL, NULL, 36, 0, 0, NULL, 0, 0, 1),
('', '', NULL, NULL, NULL, '', 0, 0.0000000000, 0.0000000000, NULL, NULL, NULL, NULL, 37, 0, 0, NULL, 0, 0, 1),
('', '', NULL, NULL, NULL, '', 0, 0.0000000000, 0.0000000000, NULL, NULL, NULL, NULL, 38, 0, 0, NULL, 0, 0, 1),
('', '', NULL, NULL, NULL, '', 0, 0.0000000000, 0.0000000000, NULL, NULL, NULL, NULL, 39, 0, 0, NULL, 0, 0, 1),
('', '', NULL, NULL, NULL, '', 0, 0.0000000000, 0.0000000000, NULL, NULL, NULL, NULL, 40, 0, 0, NULL, 0, 0, 1),
('', '', NULL, NULL, NULL, '', 0, 0.0000000000, 0.0000000000, NULL, NULL, NULL, NULL, 41, 0, 0, NULL, 0, 0, 1),
('', '', NULL, NULL, NULL, '', 0, 0.0000000000, 0.0000000000, NULL, NULL, NULL, NULL, 42, 0, 0, NULL, 0, 0, 1),
('', '', NULL, NULL, NULL, '', 0, 0.0000000000, 0.0000000000, NULL, NULL, NULL, NULL, 43, 0, 0, NULL, 0, 0, 1),
('', '', NULL, NULL, NULL, '', 0, 0.0000000000, 0.0000000000, NULL, NULL, NULL, NULL, 44, 0, 0, NULL, 0, 0, 1),
('', '', NULL, NULL, NULL, '', 0, 0.0000000000, 0.0000000000, NULL, NULL, NULL, NULL, 45, 0, 0, NULL, 0, 0, 1),
('', '', NULL, NULL, NULL, '', 0, 0.0000000000, 0.0000000000, NULL, NULL, NULL, NULL, 46, 0, 0, NULL, 0, 0, 1),
('', '', NULL, NULL, NULL, '', 0, 0.0000000000, 0.0000000000, NULL, NULL, NULL, NULL, 47, 0, 0, NULL, 0, 0, 1),
('', '', NULL, NULL, NULL, '', 0, 0.0000000000, 0.0000000000, NULL, NULL, NULL, NULL, 48, 0, 0, NULL, 0, 0, 1),
('', '', NULL, NULL, NULL, '', 0, 0.0000000000, 0.0000000000, NULL, NULL, NULL, NULL, 49, 0, 0, NULL, 0, 0, 1),
('', '', NULL, NULL, NULL, '', 0, 0.0000000000, 0.0000000000, NULL, NULL, NULL, NULL, 50, 0, 0, NULL, 0, 0, 1),
('', '', NULL, NULL, NULL, '', 0, 0.0000000000, 0.0000000000, NULL, NULL, NULL, NULL, 51, 0, 0, NULL, 0, 0, 1),
('', '', NULL, NULL, NULL, '', 0, 0.0000000000, 0.0000000000, NULL, NULL, NULL, NULL, 52, 0, 0, NULL, 0, 0, 1),
('S5 Neo', 'HTC', 3, 'A4n779', 'P007', 'Item description here', 0, 6633.0000000000, 7633.0000000000, NULL, NULL, NULL, 5.0000000000, 53, 1, 1, NULL, 0, 0, 1),
('S4 mini I9195I', 'Motorola', 113, 'A4N780', 'P008', 'Item description here', 0, 22354.0000000000, 28554.0000000000, NULL, NULL, NULL, 5.0000000000, 54, 1, 1, NULL, 0, 0, 1),
('Essence', 'Huawei', 114, 'A4N781', 'P009', 'Item description here', 0, 56556.0000000000, 59056.0000000000, NULL, NULL, NULL, 5.0000000000, 55, 1, 1, NULL, 0, 0, 1),
('Classic', 'Lenovo', 3, 'A4N782', 'P010', 'Item description here', 0, 366.0000000000, 466.0000000000, NULL, NULL, NULL, 5.0000000000, 56, 1, 1, NULL, 0, 0, 1),
('Guru GX', 'Xiaomi', 113, 'A4NN3', 'P011', 'Item description here', 0, 66645.0000000000, 70645.0000000000, NULL, NULL, NULL, 5.0000000000, 57, 1, 1, NULL, 0, 0, 1),
('J1 Ace', 'Xiaomi', 113, 'A4N777', 'P050', 'Item description here', 0, 5548.0000000000, 5848.0000000000, NULL, NULL, NULL, 5.0000000000, 58, 1, 1, NULL, 0, 0, 1),
('S2 classic', 'Acer', 114, 'A4N778', 'P060', 'Item description here', 0, 5699.0000000000, 6699.0000000000, NULL, NULL, NULL, 5.0000000000, 59, 1, 1, NULL, 0, 0, 1),
('', '', NULL, NULL, NULL, '', 0, 0.0000000000, 0.0000000000, NULL, NULL, NULL, NULL, 60, 0, 0, NULL, 0, 0, 1),
('', '', NULL, NULL, NULL, '', 0, 0.0000000000, 0.0000000000, NULL, NULL, NULL, NULL, 61, 0, 0, NULL, 0, 0, 1),
('', '', NULL, NULL, NULL, '', 0, 0.0000000000, 0.0000000000, NULL, NULL, NULL, NULL, 62, 0, 0, NULL, 0, 0, 1),
('', '', NULL, NULL, NULL, '', 0, 0.0000000000, 0.0000000000, NULL, NULL, NULL, NULL, 63, 0, 0, NULL, 0, 0, 1),
('', '', NULL, NULL, NULL, '', 0, 0.0000000000, 0.0000000000, NULL, NULL, NULL, NULL, 64, 0, 0, NULL, 0, 0, 1),
('', '', NULL, NULL, NULL, '', 0, 0.0000000000, 0.0000000000, NULL, NULL, NULL, NULL, 65, 0, 0, NULL, 0, 0, 1),
('', '', NULL, NULL, NULL, '', 0, 0.0000000000, 0.0000000000, NULL, NULL, NULL, NULL, 66, 0, 0, NULL, 0, 0, 1),
('', '', NULL, NULL, NULL, '', 0, 0.0000000000, 0.0000000000, NULL, NULL, NULL, NULL, 67, 0, 0, NULL, 0, 0, 1);

-- --------------------------------------------------------

--
-- Table structure for table `phppos_items_taxes`
--

CREATE TABLE IF NOT EXISTS `phppos_items_taxes` (
  `id` int(10) NOT NULL AUTO_INCREMENT,
  `item_id` int(10) NOT NULL,
  `name` varchar(255) COLLATE utf8_unicode_ci NOT NULL,
  `percent` decimal(15,3) NOT NULL,
  `cumulative` int(1) NOT NULL DEFAULT '0',
  PRIMARY KEY (`id`),
  UNIQUE KEY `unique_tax` (`item_id`,`name`,`percent`)
) ENGINE=InnoDB DEFAULT CHARSET=utf8 COLLATE=utf8_unicode_ci AUTO_INCREMENT=1 ;

--
-- Dumping data for table `phppos_items_taxes`
--


-- --------------------------------------------------------

--
-- Table structure for table `phppos_items_tier_prices`
--

CREATE TABLE IF NOT EXISTS `phppos_items_tier_prices` (
  `tier_id` int(10) NOT NULL,
  `item_id` int(10) NOT NULL,
  `unit_price` decimal(23,10) DEFAULT '0.0000000000',
  `percent_off` int(11) DEFAULT NULL,
  PRIMARY KEY (`tier_id`,`item_id`),
  KEY `phppos_items_tier_prices_ibfk_2` (`item_id`)
) ENGINE=InnoDB DEFAULT CHARSET=utf8 COLLATE=utf8_unicode_ci;

--
-- Dumping data for table `phppos_items_tier_prices`
--


-- --------------------------------------------------------

--
-- Table structure for table `phppos_item_kits`
--

CREATE TABLE IF NOT EXISTS `phppos_item_kits` (
  `item_kit_id` int(11) NOT NULL AUTO_INCREMENT,
  `item_kit_number` varchar(255) COLLATE utf8_unicode_ci DEFAULT NULL,
  `product_id` varchar(255) COLLATE utf8_unicode_ci DEFAULT NULL,
  `name` varchar(255) COLLATE utf8_unicode_ci NOT NULL,
  `description` varchar(255) COLLATE utf8_unicode_ci NOT NULL,
  `category` varchar(255) COLLATE utf8_unicode_ci NOT NULL,
  `tax_included` int(1) NOT NULL DEFAULT '0',
  `unit_price` decimal(23,10) DEFAULT NULL,
  `cost_price` decimal(23,10) DEFAULT NULL,
  `override_default_tax` int(1) NOT NULL DEFAULT '0',
  `deleted` int(1) NOT NULL DEFAULT '0',
  PRIMARY KEY (`item_kit_id`),
  UNIQUE KEY `item_kit_number` (`item_kit_number`),
  UNIQUE KEY `product_id` (`product_id`),
  KEY `name` (`name`),
  KEY `deleted` (`deleted`)
) ENGINE=InnoDB  DEFAULT CHARSET=utf8 COLLATE=utf8_unicode_ci AUTO_INCREMENT=2 ;

--
-- Dumping data for table `phppos_item_kits`
--

INSERT INTO `phppos_item_kits` (`item_kit_id`, `item_kit_number`, `product_id`, `name`, `description`, `category`, `tax_included`, `unit_price`, `cost_price`, `override_default_tax`, `deleted`) VALUES
(1, 'AGJ34', 'IK001', 'Alto and Essence', 'Alto A2 (HTC) + Essence (Huawei)', 'Mix', 0, 60905.0000000000, 58205.0000000000, 0, 1);

-- --------------------------------------------------------

--
-- Table structure for table `phppos_item_kits_taxes`
--

CREATE TABLE IF NOT EXISTS `phppos_item_kits_taxes` (
  `id` int(10) NOT NULL AUTO_INCREMENT,
  `item_kit_id` int(10) NOT NULL,
  `name` varchar(255) COLLATE utf8_unicode_ci NOT NULL,
  `percent` decimal(15,3) NOT NULL,
  `cumulative` int(1) NOT NULL DEFAULT '0',
  PRIMARY KEY (`id`),
  UNIQUE KEY `unique_tax` (`item_kit_id`,`name`,`percent`)
) ENGINE=InnoDB DEFAULT CHARSET=utf8 COLLATE=utf8_unicode_ci AUTO_INCREMENT=1 ;

--
-- Dumping data for table `phppos_item_kits_taxes`
--


-- --------------------------------------------------------

--
-- Table structure for table `phppos_item_kits_tier_prices`
--

CREATE TABLE IF NOT EXISTS `phppos_item_kits_tier_prices` (
  `tier_id` int(10) NOT NULL,
  `item_kit_id` int(10) NOT NULL,
  `unit_price` decimal(23,10) DEFAULT '0.0000000000',
  `percent_off` int(11) DEFAULT NULL,
  PRIMARY KEY (`tier_id`,`item_kit_id`),
  KEY `phppos_item_kits_tier_prices_ibfk_2` (`item_kit_id`)
) ENGINE=InnoDB DEFAULT CHARSET=utf8 COLLATE=utf8_unicode_ci;

--
-- Dumping data for table `phppos_item_kits_tier_prices`
--


-- --------------------------------------------------------

--
-- Table structure for table `phppos_item_kit_items`
--

CREATE TABLE IF NOT EXISTS `phppos_item_kit_items` (
  `item_kit_id` int(11) NOT NULL,
  `item_id` int(11) NOT NULL,
  `quantity` decimal(23,10) NOT NULL,
  PRIMARY KEY (`item_kit_id`,`item_id`,`quantity`),
  KEY `phppos_item_kit_items_ibfk_2` (`item_id`)
) ENGINE=InnoDB DEFAULT CHARSET=utf8 COLLATE=utf8_unicode_ci;

--
-- Dumping data for table `phppos_item_kit_items`
--

INSERT INTO `phppos_item_kit_items` (`item_kit_id`, `item_id`, `quantity`) VALUES
(1, 25, 1.0000000000),
(1, 55, 1.0000000000);

-- --------------------------------------------------------

--
-- Table structure for table `phppos_locations`
--

CREATE TABLE IF NOT EXISTS `phppos_locations` (
  `location_id` int(11) NOT NULL AUTO_INCREMENT,
  `name` text COLLATE utf8_unicode_ci,
  `address` text COLLATE utf8_unicode_ci,
  `phone` text COLLATE utf8_unicode_ci,
  `fax` text COLLATE utf8_unicode_ci,
  `email` text COLLATE utf8_unicode_ci,
  `receive_stock_alert` text COLLATE utf8_unicode_ci,
  `stock_alert_email` text COLLATE utf8_unicode_ci,
  `timezone` text COLLATE utf8_unicode_ci,
  `mailchimp_api_key` text COLLATE utf8_unicode_ci,
  `enable_credit_card_processing` text COLLATE utf8_unicode_ci,
  `merchant_id` text COLLATE utf8_unicode_ci,
  `merchant_password` text COLLATE utf8_unicode_ci,
  `default_tax_1_rate` text COLLATE utf8_unicode_ci,
  `default_tax_1_name` text COLLATE utf8_unicode_ci,
  `default_tax_2_rate` text COLLATE utf8_unicode_ci,
  `default_tax_2_name` text COLLATE utf8_unicode_ci,
  `default_tax_2_cumulative` text COLLATE utf8_unicode_ci,
  `default_tax_3_rate` text COLLATE utf8_unicode_ci,
  `default_tax_3_name` text COLLATE utf8_unicode_ci,
  `default_tax_4_rate` text COLLATE utf8_unicode_ci,
  `default_tax_4_name` text COLLATE utf8_unicode_ci,
  `default_tax_5_rate` text COLLATE utf8_unicode_ci,
  `default_tax_5_name` text COLLATE utf8_unicode_ci,
  `deleted` int(1) DEFAULT '0',
  PRIMARY KEY (`location_id`),
  KEY `deleted` (`deleted`)
) ENGINE=InnoDB  DEFAULT CHARSET=utf8 COLLATE=utf8_unicode_ci AUTO_INCREMENT=3 ;

--
-- Dumping data for table `phppos_locations`
--

INSERT INTO `phppos_locations` (`location_id`, `name`, `address`, `phone`, `fax`, `email`, `receive_stock_alert`, `stock_alert_email`, `timezone`, `mailchimp_api_key`, `enable_credit_card_processing`, `merchant_id`, `merchant_password`, `default_tax_1_rate`, `default_tax_1_name`, `default_tax_2_rate`, `default_tax_2_name`, `default_tax_2_cumulative`, `default_tax_3_rate`, `default_tax_3_name`, `default_tax_4_rate`, `default_tax_4_name`, `default_tax_5_rate`, `default_tax_5_name`, `deleted`) VALUES
(1, 'Store 1', '123 Nowhere street', '555-555-5555', '', 'store@website.com', '0', '', 'Asia/Kolkata', '', '0', '', '', '14', 'Sales Tax', '0.15', 'Sales Tax 2', '0', NULL, '', NULL, '', NULL, '', 0);

-- --------------------------------------------------------

--
-- Table structure for table `phppos_location_items`
--

CREATE TABLE IF NOT EXISTS `phppos_location_items` (
  `location_id` int(11) NOT NULL,
  `item_id` int(11) NOT NULL,
  `location` varchar(255) COLLATE utf8_unicode_ci NOT NULL DEFAULT '',
  `cost_price` decimal(23,10) DEFAULT NULL,
  `unit_price` decimal(23,10) DEFAULT NULL,
  `promo_price` decimal(23,10) DEFAULT NULL,
  `start_date` date DEFAULT NULL,
  `end_date` date DEFAULT NULL,
  `quantity` decimal(23,10) DEFAULT '0.0000000000',
  `reorder_level` decimal(23,10) DEFAULT NULL,
  `override_default_tax` int(1) NOT NULL DEFAULT '0',
  PRIMARY KEY (`location_id`,`item_id`),
  KEY `phppos_location_items_ibfk_2` (`item_id`)
) ENGINE=InnoDB DEFAULT CHARSET=utf8 COLLATE=utf8_unicode_ci;

--
-- Dumping data for table `phppos_location_items`
--

INSERT INTO `phppos_location_items` (`location_id`, `item_id`, `location`, `cost_price`, `unit_price`, `promo_price`, `start_date`, `end_date`, `quantity`, `reorder_level`, `override_default_tax`) VALUES
(1, 1, 'Right Shelf, 2nd Box', NULL, NULL, NULL, NULL, NULL, 499.0000000000, NULL, 0),
(1, 4, '', NULL, NULL, NULL, NULL, NULL, 245.0000000000, NULL, 0),
(1, 12, '', NULL, NULL, NULL, NULL, NULL, 245.0000000000, NULL, 0),
(1, 13, '', NULL, NULL, NULL, NULL, NULL, 499.0000000000, NULL, 0),
(1, 14, '', NULL, NULL, NULL, NULL, NULL, 245.0000000000, NULL, 0),
(1, 15, '', NULL, NULL, NULL, NULL, NULL, 499.0000000000, NULL, 0),
(1, 16, '', NULL, NULL, NULL, NULL, NULL, 245.0000000000, NULL, 0),
(1, 17, '', NULL, NULL, NULL, NULL, NULL, 499.0000000000, NULL, 0),
(1, 18, '', NULL, NULL, NULL, NULL, NULL, 245.0000000000, NULL, 0),
(1, 19, '', NULL, NULL, NULL, NULL, NULL, 499.0000000000, NULL, 0),
(1, 20, '', NULL, NULL, NULL, NULL, NULL, 245.0000000000, NULL, 0),
(1, 21, '', NULL, NULL, NULL, NULL, NULL, 499.0000000000, NULL, 0),
(1, 22, '', NULL, NULL, NULL, NULL, NULL, 245.0000000000, NULL, 0),
(1, 23, '', NULL, NULL, NULL, NULL, NULL, 499.0000000000, NULL, 0),
(1, 24, '', NULL, NULL, NULL, NULL, NULL, 245.0000000000, NULL, 0),
(1, 25, '', NULL, NULL, NULL, NULL, NULL, 499.0000000000, NULL, 0),
(1, 26, '', NULL, NULL, NULL, NULL, NULL, 245.0000000000, NULL, 0),
(1, 27, '', NULL, NULL, NULL, NULL, NULL, NULL, NULL, 0),
(1, 28, '', NULL, NULL, NULL, NULL, NULL, NULL, NULL, 0),
(1, 29, '', NULL, NULL, NULL, NULL, NULL, NULL, NULL, 0),
(1, 30, '', NULL, NULL, NULL, NULL, NULL, NULL, NULL, 0),
(1, 31, '', NULL, NULL, NULL, NULL, NULL, NULL, NULL, 0),
(1, 32, '', NULL, NULL, NULL, NULL, NULL, NULL, NULL, 0),
(1, 33, '', NULL, NULL, NULL, NULL, NULL, NULL, NULL, 0),
(1, 34, '', NULL, NULL, NULL, NULL, NULL, NULL, NULL, 0),
(1, 35, '', NULL, NULL, NULL, NULL, NULL, NULL, NULL, 0),
(1, 36, '', NULL, NULL, NULL, NULL, NULL, NULL, NULL, 0),
(1, 37, '', NULL, NULL, NULL, NULL, NULL, NULL, NULL, 0),
(1, 38, '', NULL, NULL, NULL, NULL, NULL, NULL, NULL, 0),
(1, 39, '', NULL, NULL, NULL, NULL, NULL, NULL, NULL, 0),
(1, 40, '', NULL, NULL, NULL, NULL, NULL, NULL, NULL, 0),
(1, 41, '', NULL, NULL, NULL, NULL, NULL, NULL, NULL, 0),
(1, 42, '', NULL, NULL, NULL, NULL, NULL, NULL, NULL, 0),
(1, 43, '', NULL, NULL, NULL, NULL, NULL, NULL, NULL, 0),
(1, 44, '', NULL, NULL, NULL, NULL, NULL, NULL, NULL, 0),
(1, 45, '', NULL, NULL, NULL, NULL, NULL, NULL, NULL, 0),
(1, 46, '', NULL, NULL, NULL, NULL, NULL, NULL, NULL, 0),
(1, 47, '', NULL, NULL, NULL, NULL, NULL, NULL, NULL, 0),
(1, 48, '', NULL, NULL, NULL, NULL, NULL, NULL, NULL, 0),
(1, 49, '', NULL, NULL, NULL, NULL, NULL, NULL, NULL, 0),
(1, 50, '', NULL, NULL, NULL, NULL, NULL, NULL, NULL, 0),
(1, 51, '', NULL, NULL, NULL, NULL, NULL, NULL, NULL, 0),
(1, 52, '', NULL, NULL, NULL, NULL, NULL, NULL, NULL, 0),
(1, 53, '', NULL, NULL, NULL, NULL, NULL, 499.0000000000, NULL, 0),
(1, 54, '', NULL, NULL, NULL, NULL, NULL, 244.0000000000, NULL, 0),
(1, 55, '', NULL, NULL, NULL, NULL, NULL, 499.0000000000, NULL, 0),
(1, 56, '', NULL, NULL, NULL, NULL, NULL, 245.0000000000, NULL, 0),
(1, 57, '', NULL, NULL, NULL, NULL, NULL, 499.0000000000, NULL, 0),
(1, 58, '', NULL, NULL, NULL, NULL, NULL, 498.0000000000, NULL, 0),
(1, 59, '', NULL, NULL, NULL, NULL, NULL, 245.0000000000, NULL, 0),
(1, 60, '', NULL, NULL, NULL, NULL, NULL, NULL, NULL, 0),
(1, 61, '', NULL, NULL, NULL, NULL, NULL, NULL, NULL, 0),
(1, 62, '', NULL, NULL, NULL, NULL, NULL, NULL, NULL, 0),
(1, 63, '', NULL, NULL, NULL, NULL, NULL, NULL, NULL, 0),
(1, 64, '', NULL, NULL, NULL, NULL, NULL, NULL, NULL, 0),
(1, 65, '', NULL, NULL, NULL, NULL, NULL, NULL, NULL, 0),
(1, 66, '', NULL, NULL, NULL, NULL, NULL, NULL, NULL, 0),
(1, 67, '', NULL, NULL, NULL, NULL, NULL, NULL, NULL, 0);

-- --------------------------------------------------------

--
-- Table structure for table `phppos_location_items_taxes`
--

CREATE TABLE IF NOT EXISTS `phppos_location_items_taxes` (
  `id` int(10) NOT NULL AUTO_INCREMENT,
  `location_id` int(11) NOT NULL,
  `item_id` int(10) NOT NULL,
  `name` varchar(255) COLLATE utf8_unicode_ci NOT NULL,
  `percent` decimal(16,3) NOT NULL,
  `cumulative` int(1) NOT NULL DEFAULT '0',
  PRIMARY KEY (`id`),
  UNIQUE KEY `unique_tax` (`location_id`,`item_id`,`name`,`percent`),
  KEY `phppos_location_items_taxes_ibfk_2` (`item_id`)
) ENGINE=InnoDB DEFAULT CHARSET=utf8 COLLATE=utf8_unicode_ci AUTO_INCREMENT=1 ;

--
-- Dumping data for table `phppos_location_items_taxes`
--


-- --------------------------------------------------------

--
-- Table structure for table `phppos_location_items_tier_prices`
--

CREATE TABLE IF NOT EXISTS `phppos_location_items_tier_prices` (
  `tier_id` int(10) NOT NULL,
  `item_id` int(10) NOT NULL,
  `location_id` int(10) NOT NULL,
  `unit_price` decimal(23,10) DEFAULT '0.0000000000',
  `percent_off` int(11) DEFAULT NULL,
  PRIMARY KEY (`tier_id`,`item_id`,`location_id`),
  KEY `phppos_location_items_tier_prices_ibfk_2` (`location_id`),
  KEY `phppos_location_items_tier_prices_ibfk_3` (`item_id`)
) ENGINE=InnoDB DEFAULT CHARSET=utf8 COLLATE=utf8_unicode_ci;

--
-- Dumping data for table `phppos_location_items_tier_prices`
--


-- --------------------------------------------------------

--
-- Table structure for table `phppos_location_item_kits`
--

CREATE TABLE IF NOT EXISTS `phppos_location_item_kits` (
  `location_id` int(11) NOT NULL,
  `item_kit_id` int(11) NOT NULL,
  `unit_price` decimal(23,10) DEFAULT NULL,
  `cost_price` decimal(23,10) DEFAULT NULL,
  `override_default_tax` int(1) NOT NULL DEFAULT '0',
  PRIMARY KEY (`location_id`,`item_kit_id`),
  KEY `phppos_location_item_kits_ibfk_2` (`item_kit_id`)
) ENGINE=InnoDB DEFAULT CHARSET=utf8 COLLATE=utf8_unicode_ci;

--
-- Dumping data for table `phppos_location_item_kits`
--


-- --------------------------------------------------------

--
-- Table structure for table `phppos_location_item_kits_taxes`
--

CREATE TABLE IF NOT EXISTS `phppos_location_item_kits_taxes` (
  `id` int(10) NOT NULL AUTO_INCREMENT,
  `location_id` int(11) NOT NULL,
  `item_kit_id` int(10) NOT NULL,
  `name` varchar(255) COLLATE utf8_unicode_ci NOT NULL,
  `percent` decimal(16,3) NOT NULL,
  `cumulative` int(1) NOT NULL DEFAULT '0',
  PRIMARY KEY (`id`),
  UNIQUE KEY `unique_tax` (`location_id`,`item_kit_id`,`name`,`percent`),
  KEY `phppos_location_item_kits_taxes_ibfk_2` (`item_kit_id`)
) ENGINE=InnoDB DEFAULT CHARSET=utf8 COLLATE=utf8_unicode_ci AUTO_INCREMENT=1 ;

--
-- Dumping data for table `phppos_location_item_kits_taxes`
--


-- --------------------------------------------------------

--
-- Table structure for table `phppos_location_item_kits_tier_prices`
--

CREATE TABLE IF NOT EXISTS `phppos_location_item_kits_tier_prices` (
  `tier_id` int(10) NOT NULL,
  `item_kit_id` int(10) NOT NULL,
  `location_id` int(10) NOT NULL,
  `unit_price` decimal(23,10) DEFAULT '0.0000000000',
  `percent_off` int(11) DEFAULT NULL,
  PRIMARY KEY (`tier_id`,`item_kit_id`,`location_id`),
  KEY `phppos_location_item_kits_tier_prices_ibfk_2` (`location_id`),
  KEY `phppos_location_item_kits_tier_prices_ibfk_3` (`item_kit_id`)
) ENGINE=InnoDB DEFAULT CHARSET=utf8 COLLATE=utf8_unicode_ci;

--
-- Dumping data for table `phppos_location_item_kits_tier_prices`
--


-- --------------------------------------------------------

--
-- Table structure for table `phppos_modules`
--

CREATE TABLE IF NOT EXISTS `phppos_modules` (
  `name_lang_key` varchar(255) COLLATE utf8_unicode_ci NOT NULL,
  `desc_lang_key` varchar(255) COLLATE utf8_unicode_ci NOT NULL,
  `sort` int(10) NOT NULL,
  `icon` varchar(255) COLLATE utf8_unicode_ci NOT NULL,
  `module_id` varchar(100) COLLATE utf8_unicode_ci NOT NULL,
  PRIMARY KEY (`module_id`),
  UNIQUE KEY `desc_lang_key` (`desc_lang_key`),
  UNIQUE KEY `name_lang_key` (`name_lang_key`)
) ENGINE=InnoDB DEFAULT CHARSET=utf8 COLLATE=utf8_unicode_ci;

--
-- Dumping data for table `phppos_modules`
--

INSERT INTO `phppos_modules` (`name_lang_key`, `desc_lang_key`, `sort`, `icon`, `module_id`) VALUES
('module_config', 'module_config_desc', 100, 'cogs', 'config'),
('module_customers', 'module_customers_desc', 10, 'group', 'customers'),
('module_employees', 'module_employees_desc', 80, 'user', 'employees'),
('module_giftcards', 'module_giftcards_desc', 90, 'credit-card', 'giftcards'),
('module_item_kits', 'module_item_kits_desc', 30, 'inbox', 'item_kits'),
('module_items', 'module_items_desc', 20, 'table', 'items'),
('module_locations', 'module_locations_desc', 110, 'home', 'locations'),
('module_receivings', 'module_receivings_desc', 60, 'cloud-download', 'receivings'),
('module_reports', 'module_reports_desc', 50, 'bar-chart-o', 'reports'),
('module_sales', 'module_sales_desc', 70, 'shopping-cart', 'sales'),
('module_suppliers', 'module_suppliers_desc', 40, 'download', 'suppliers');

-- --------------------------------------------------------

--
-- Table structure for table `phppos_modules_actions`
--

CREATE TABLE IF NOT EXISTS `phppos_modules_actions` (
  `action_id` varchar(100) COLLATE utf8_unicode_ci NOT NULL,
  `module_id` varchar(100) COLLATE utf8_unicode_ci NOT NULL,
  `action_name_key` varchar(100) COLLATE utf8_unicode_ci NOT NULL,
  `sort` int(11) NOT NULL,
  PRIMARY KEY (`action_id`,`module_id`),
  KEY `phppos_modules_actions_ibfk_1` (`module_id`)
) ENGINE=InnoDB DEFAULT CHARSET=utf8 COLLATE=utf8_unicode_ci;

--
-- Dumping data for table `phppos_modules_actions`
--

INSERT INTO `phppos_modules_actions` (`action_id`, `module_id`, `action_name_key`, `sort`) VALUES
('add_update', 'customers', 'module_action_add_update', 1),
('add_update', 'employees', 'module_action_add_update', 130),
('add_update', 'giftcards', 'module_action_add_update', 200),
('add_update', 'item_kits', 'module_action_add_update', 70),
('add_update', 'items', 'module_action_add_update', 40),
('add_update', 'locations', 'module_action_add_update', 240),
('add_update', 'suppliers', 'module_action_add_update', 100),
('assign_all_locations', 'employees', 'module_action_assign_all_locations', 151),
('delete', 'customers', 'module_action_delete', 20),
('delete', 'employees', 'module_action_delete', 140),
('delete', 'giftcards', 'module_action_delete', 210),
('delete', 'item_kits', 'module_action_delete', 80),
('delete', 'items', 'module_action_delete', 50),
('delete', 'locations', 'module_action_delete', 250),
('delete', 'suppliers', 'module_action_delete', 110),
('delete_sale', 'sales', 'module_action_delete_sale', 230),
('delete_suspended_sale', 'sales', 'module_action_delete_suspended_sale', 181),
('edit_sale', 'sales', 'module_edit_sale', 190),
('edit_sale_price', 'sales', 'module_edit_sale_price', 170),
('give_discount', 'sales', 'module_give_discount', 180),
('search', 'customers', 'module_action_search_customers', 30),
('search', 'employees', 'module_action_search_employees', 150),
('search', 'giftcards', 'module_action_search_giftcards', 220),
('search', 'item_kits', 'module_action_search_item_kits', 90),
('search', 'items', 'module_action_search_items', 60),
('search', 'locations', 'module_action_search_locations', 260),
('search', 'suppliers', 'module_action_search_suppliers', 120),
('see_cost_price', 'items', 'module_see_cost_price', 61),
('view_categories', 'reports', 'reports_categories', 100),
('view_customers', 'reports', 'reports_customers', 120),
('view_deleted_sales', 'reports', 'reports_deleted_sales', 130),
('view_discounts', 'reports', 'reports_discounts', 140),
('view_employees', 'reports', 'reports_employees', 150),
('view_giftcards', 'reports', 'reports_giftcards', 160),
('view_inventory_reports', 'reports', 'reports_inventory_reports', 170),
('view_item_kits', 'reports', 'module_item_kits', 180),
('view_items', 'reports', 'reports_items', 190),
('view_payments', 'reports', 'reports_payments', 200),
('view_profit_and_loss', 'reports', 'reports_profit_and_loss', 210),
('view_receivings', 'reports', 'reports_receivings', 220),
('view_register_log', 'reports', 'reports_register_log_title', 230),
('view_sales', 'reports', 'reports_sales', 240),
('view_sales_generator', 'reports', 'reports_sales_generator', 110),
('view_store_account', 'reports', 'reports_store_account', 250),
('view_suppliers', 'reports', 'reports_suppliers', 260),
('view_taxes', 'reports', 'reports_taxes', 270);

-- --------------------------------------------------------

--
-- Table structure for table `phppos_people`
--

CREATE TABLE IF NOT EXISTS `phppos_people` (
  `first_name` varchar(255) COLLATE utf8_unicode_ci NOT NULL,
  `last_name` varchar(255) COLLATE utf8_unicode_ci NOT NULL,
  `phone_number` varchar(255) COLLATE utf8_unicode_ci NOT NULL,
  `email` varchar(255) COLLATE utf8_unicode_ci NOT NULL,
  `address_1` varchar(255) COLLATE utf8_unicode_ci NOT NULL,
  `address_2` varchar(255) COLLATE utf8_unicode_ci NOT NULL,
  `city` varchar(255) COLLATE utf8_unicode_ci NOT NULL,
  `state` varchar(255) COLLATE utf8_unicode_ci NOT NULL,
  `zip` varchar(255) COLLATE utf8_unicode_ci NOT NULL,
  `country` varchar(255) COLLATE utf8_unicode_ci NOT NULL,
  `comments` text COLLATE utf8_unicode_ci NOT NULL,
  `image_id` int(10) DEFAULT NULL,
  `person_id` int(10) NOT NULL AUTO_INCREMENT,
  PRIMARY KEY (`person_id`),
  KEY `first_name` (`first_name`),
  KEY `last_name` (`last_name`),
  KEY `email` (`email`),
  KEY `phppos_people_ibfk_1` (`image_id`)
) ENGINE=InnoDB  DEFAULT CHARSET=utf8 COLLATE=utf8_unicode_ci AUTO_INCREMENT=115 ;

--
-- Dumping data for table `phppos_people`
--

INSERT INTO `phppos_people` (`first_name`, `last_name`, `phone_number`, `email`, `address_1`, `address_2`, `city`, `state`, `zip`, `country`, `comments`, `image_id`, `person_id`) VALUES
('John', 'Doe', '555-555-5555', 'admin@gmail.com', 'Address 1', '', 'Delhi', 'Delhi-NCR', '110011', 'India', 'To purchase this app, visit www.phpsoftwares.com', 2, 1),
('Customer', 'One', '9000090000', 'customer@gmail.com', 'Customer address 1 here', 'customer address 2 here', 'Mumbai', 'Maharashtra', '400001', 'India', 'Customer comments here', NULL, 2),
('SupplierName', 'Slname', '4400044000', 'supplier@gmail.com', 'Supplier Address1', 'Supplier Address2', 'Chennai', 'Tamil Nadu', '330022', 'India', 'Supplier comments here', NULL, 3),
('William', 'Lamb', '9000090021', 'William3@gmail.com', 'South Cowton', '', 'Durham', 'North East England', '400022', 'England', 'Customer comments here', NULL, 51),
('Robert', 'Peel', '9000090022', 'William4@gmail.com', 'Statfold', '', 'Edinburgh', 'Scotland', '400023', 'England', 'Customer comments here', NULL, 52),
('', '', '', '', '', '', '', '', '', '', '', NULL, 53),
('', '', '', '', '', '', '', '', '', '', '', NULL, 54),
('', '', '', '', '', '', '', '', '', '', '', NULL, 55),
('', '', '', '', '', '', '', '', '', '', '', NULL, 56),
('', '', '', '', '', '', '', '', '', '', '', NULL, 57),
('', '', '', '', '', '', '', '', '', '', '', NULL, 58),
('', '', '', '', '', '', '', '', '', '', '', NULL, 59),
('', '', '', '', '', '', '', '', '', '', '', NULL, 60),
('', '', '', '', '', '', '', '', '', '', '', NULL, 61),
('', '', '', '', '', '', '', '', '', '', '', NULL, 62),
('', '', '', '', '', '', '', '', '', '', '', NULL, 63),
('', '', '', '', '', '', '', '', '', '', '', NULL, 64),
('', '', '', '', '', '', '', '', '', '', '', NULL, 65),
('', '', '', '', '', '', '', '', '', '', '', NULL, 66),
('', '', '', '', '', '', '', '', '', '', '', NULL, 67),
('', '', '', '', '', '', '', '', '', '', '', NULL, 68),
('', '', '', '', '', '', '', '', '', '', '', NULL, 69),
('', '', '', '', '', '', '', '', '', '', '', NULL, 70),
('', '', '', '', '', '', '', '', '', '', '', NULL, 71),
('', '', '', '', '', '', '', '', '', '', '', NULL, 72),
('Spencer', 'Compton', '9000090002', 'Augustus@gmail.com', 'Addingrove', '', 'Armagh', 'Northern Ireland', '400003', 'England', 'Customer comments here', NULL, 73),
('Henry', 'Pelham', '9000090003', 'Charles@gmail.com', 'Asterleigh', '', 'Bangor', 'Wales', '400004', 'England', 'Customer comments here', NULL, 74),
('Thomas', 'Pelham', '9000090004', 'Charles1@gmail.com', 'Balsdean', '', 'Bath', 'South West England', '400005', 'England', 'Customer comments here', NULL, 75),
('William', 'Cavendish', '9000090005', 'Frederick@gmail.com', 'Barforth', '', 'Belfast', 'Northern Ireland', '400006', 'England', 'Customer comments here', NULL, 76),
('John', 'Stuart', '9000090006', 'Frederick1@gmail.com', 'Cestersover', '', 'Birmingham', 'West Midlands', '400007', 'England', 'Customer comments here', NULL, 77),
('George', 'Grenville', '9000090007', 'George@gmail.com', 'Clopton, Cambridgeshire', '', 'Bradford', 'Yorkshire', '400008', 'England', 'Customer comments here', NULL, 78),
('Charles', 'Watson', '9000090008', 'George1@gmail.com', 'Cuckmere Valley', '', 'Brighton & Hove', 'South East', '400009', 'England', 'Customer comments here', NULL, 79),
('William', 'Pitt', '9000090009', 'Henry@gmail.com', 'Dode, Kent', '', 'Bristol', 'South West', '400010', 'England', 'Customer comments here', NULL, 80),
('Augustus', 'FitzRoy', '9000090010', 'Henry1@gmail.com', 'East Tanfield', '', 'Cambridge', 'East England', '400011', 'England', 'Customer comments here', NULL, 81),
('', '', '', '', '', '', '', '', '', '', '', NULL, 82),
('', '', '', '', '', '', '', '', '', '', '', NULL, 83),
('', '', '', '', '', '', '', '', '', '', '', NULL, 84),
('', '', '', '', '', '', '', '', '', '', '', NULL, 85),
('', '', '', '', '', '', '', '', '', '', '', NULL, 86),
('', '', '', '', '', '', '', '', '', '', '', NULL, 87),
('', '', '', '', '', '', '', '', '', '', '', NULL, 88),
('', '', '', '', '', '', '', '', '', '', '', NULL, 89),
('', '', '', '', '', '', '', '', '', '', '', NULL, 90),
('', '', '', '', '', '', '', '', '', '', '', NULL, 91),
('', '', '', '', '', '', '', '', '', '', '', NULL, 92),
('', '', '', '', '', '', '', '', '', '', '', NULL, 93),
('Frederick', 'North', '9000090011', 'John@gmail.com', 'Erringham chapel', '', 'Canterbury', 'South East England', '400012', 'England', 'Customer comments here', NULL, 94),
('William', 'Petty', '9000090012', 'Robert@gmail.com', 'Furtho', '', 'Cardiff', 'Wales', '400013', 'England', 'Customer comments here', NULL, 95),
('Henry', 'Addington', '9000090013', 'Robert1@gmail.com', 'Gatton, Surrey', '', 'Carlisle', 'North West England', '400014', 'England', 'Customer comments here', NULL, 96),
('William', 'Wyndham', '9000090014', 'Robert2@gmail.com', 'Haselour', '', 'Chelmsford', 'East England', '400015', 'England', 'Customer comments here', NULL, 97),
('Spencer', 'Perceval', '9000090015', 'Spencer@gmail.com', 'Hound Tor', '', 'Chester', 'North West England', '400016', 'England', 'Customer comments here', NULL, 98),
('Robert', 'Banks', '9000090016', 'Spencer1@gmail.com', 'Howgrave', '', 'Chichester', 'South East England', '400017', 'England', 'Customer comments here', NULL, 99),
('George', 'Canning', '9000090017', 'Thomas@gmail.com', 'Martinsthorpe', '', 'Coventry', 'West Midlands England', '400018', 'England', 'Customer comments here', NULL, 100),
('Frederick', 'John', '9000090018', 'William@gmail.com', 'Nash, Telford and Wrekin', '', 'Derby', 'East Midlands England', '400019', 'England', 'Customer comments here', NULL, 101),
('Arthur', 'Wellesley', '9000090019', 'William1@gmail.com', 'Quarrendon, Buckinghamshire', '', 'Derry', 'Northern Ireland', '400020', 'England', 'Customer comments here', NULL, 102),
('Charles', 'Grey', '9000090020', 'William2@gmail.com', 'Seacourt', '', 'Dundee', 'Scotland', '400021', 'England', 'Customer comments here', NULL, 103),
('', '', '', '', '', '', '', '', '', '', '', NULL, 104),
('', '', '', '', '', '', '', '', '', '', '', NULL, 105),
('', '', '', '', '', '', '', '', '', '', '', NULL, 106),
('', '', '', '', '', '', '', '', '', '', '', NULL, 107),
('', '', '', '', '', '', '', '', '', '', '', NULL, 108),
('', '', '', '', '', '', '', '', '', '', '', NULL, 109),
('', '', '', '', '', '', '', '', '', '', '', NULL, 110),
('', '', '', '', '', '', '', '', '', '', '', NULL, 111),
('', '', '', '', '', '', '', '', '', '', '', NULL, 112),
('Amster', 'Shane', '9899878998', 'amster@gmail.com', 'Times Square', '', 'NY', 'NYC', '112233', 'USA', 'Supplier comments here', NULL, 113),
('Smith', 'Ghe', '7788996655', 'smith@gmail', 'Electronics House', '', 'Washington', 'Washington DC', '445566', 'USA', 'Supplier comments here', NULL, 114);

-- --------------------------------------------------------

--
-- Table structure for table `phppos_permissions`
--

CREATE TABLE IF NOT EXISTS `phppos_permissions` (
  `module_id` varchar(100) COLLATE utf8_unicode_ci NOT NULL,
  `person_id` int(10) NOT NULL,
  PRIMARY KEY (`module_id`,`person_id`),
  KEY `person_id` (`person_id`)
) ENGINE=InnoDB DEFAULT CHARSET=utf8 COLLATE=utf8_unicode_ci;

--
-- Dumping data for table `phppos_permissions`
--

INSERT INTO `phppos_permissions` (`module_id`, `person_id`) VALUES
('config', 1),
('customers', 1),
('employees', 1),
('giftcards', 1),
('item_kits', 1),
('items', 1),
('locations', 1),
('receivings', 1),
('reports', 1),
('sales', 1),
('suppliers', 1);

-- --------------------------------------------------------

--
-- Table structure for table `phppos_permissions_actions`
--

CREATE TABLE IF NOT EXISTS `phppos_permissions_actions` (
  `module_id` varchar(100) COLLATE utf8_unicode_ci NOT NULL,
  `person_id` int(11) NOT NULL,
  `action_id` varchar(100) COLLATE utf8_unicode_ci NOT NULL,
  PRIMARY KEY (`module_id`,`person_id`,`action_id`),
  KEY `phppos_permissions_actions_ibfk_2` (`person_id`),
  KEY `phppos_permissions_actions_ibfk_3` (`action_id`)
) ENGINE=InnoDB DEFAULT CHARSET=utf8 COLLATE=utf8_unicode_ci;

--
-- Dumping data for table `phppos_permissions_actions`
--

INSERT INTO `phppos_permissions_actions` (`module_id`, `person_id`, `action_id`) VALUES
('customers', 1, 'add_update'),
('customers', 1, 'delete'),
('customers', 1, 'search'),
('employees', 1, 'add_update'),
('employees', 1, 'assign_all_locations'),
('employees', 1, 'delete'),
('employees', 1, 'search'),
('giftcards', 1, 'add_update'),
('giftcards', 1, 'delete'),
('giftcards', 1, 'search'),
('item_kits', 1, 'add_update'),
('item_kits', 1, 'delete'),
('item_kits', 1, 'search'),
('items', 1, 'add_update'),
('items', 1, 'delete'),
('items', 1, 'search'),
('items', 1, 'see_cost_price'),
('locations', 1, 'add_update'),
('locations', 1, 'delete'),
('locations', 1, 'search'),
('reports', 1, 'view_categories'),
('reports', 1, 'view_customers'),
('reports', 1, 'view_deleted_sales'),
('reports', 1, 'view_discounts'),
('reports', 1, 'view_employees'),
('reports', 1, 'view_giftcards'),
('reports', 1, 'view_inventory_reports'),
('reports', 1, 'view_item_kits'),
('reports', 1, 'view_items'),
('reports', 1, 'view_payments'),
('reports', 1, 'view_profit_and_loss'),
('reports', 1, 'view_receivings'),
('reports', 1, 'view_register_log'),
('reports', 1, 'view_sales'),
('reports', 1, 'view_sales_generator'),
('reports', 1, 'view_store_account'),
('reports', 1, 'view_suppliers'),
('reports', 1, 'view_taxes'),
('sales', 1, 'delete_sale'),
('sales', 1, 'delete_suspended_sale'),
('sales', 1, 'edit_sale'),
('sales', 1, 'edit_sale_price'),
('sales', 1, 'give_discount'),
('suppliers', 1, 'add_update'),
('suppliers', 1, 'delete'),
('suppliers', 1, 'search');

-- --------------------------------------------------------

--
-- Table structure for table `phppos_price_tiers`
--

CREATE TABLE IF NOT EXISTS `phppos_price_tiers` (
  `id` int(10) NOT NULL AUTO_INCREMENT,
  `name` varchar(255) COLLATE utf8_unicode_ci NOT NULL,
  PRIMARY KEY (`id`)
) ENGINE=InnoDB DEFAULT CHARSET=utf8 COLLATE=utf8_unicode_ci AUTO_INCREMENT=1 ;

--
-- Dumping data for table `phppos_price_tiers`
--


-- --------------------------------------------------------

--
-- Table structure for table `phppos_receivings`
--

CREATE TABLE IF NOT EXISTS `phppos_receivings` (
  `receiving_time` timestamp NOT NULL DEFAULT CURRENT_TIMESTAMP,
  `supplier_id` int(10) DEFAULT NULL,
  `employee_id` int(10) NOT NULL DEFAULT '0',
  `comment` text COLLATE utf8_unicode_ci NOT NULL,
  `receiving_id` int(10) NOT NULL AUTO_INCREMENT,
  `payment_type` varchar(255) COLLATE utf8_unicode_ci DEFAULT NULL,
  `deleted` int(1) NOT NULL DEFAULT '0',
  `deleted_by` int(10) DEFAULT NULL,
  `location_id` int(11) NOT NULL,
  PRIMARY KEY (`receiving_id`),
  KEY `supplier_id` (`supplier_id`),
  KEY `employee_id` (`employee_id`),
  KEY `deleted` (`deleted`),
  KEY `location_id` (`location_id`)
) ENGINE=InnoDB DEFAULT CHARSET=utf8 COLLATE=utf8_unicode_ci AUTO_INCREMENT=1 ;

--
-- Dumping data for table `phppos_receivings`
--


-- --------------------------------------------------------

--
-- Table structure for table `phppos_receivings_items`
--

CREATE TABLE IF NOT EXISTS `phppos_receivings_items` (
  `receiving_id` int(10) NOT NULL DEFAULT '0',
  `item_id` int(10) NOT NULL DEFAULT '0',
  `description` varchar(255) COLLATE utf8_unicode_ci DEFAULT NULL,
  `serialnumber` varchar(255) COLLATE utf8_unicode_ci DEFAULT NULL,
  `line` int(3) NOT NULL,
  `quantity_purchased` decimal(23,10) NOT NULL DEFAULT '0.0000000000',
  `item_cost_price` decimal(23,10) NOT NULL,
  `item_unit_price` decimal(23,10) NOT NULL,
  `discount_percent` int(11) NOT NULL DEFAULT '0',
  PRIMARY KEY (`receiving_id`,`item_id`,`line`),
  KEY `item_id` (`item_id`)
) ENGINE=InnoDB DEFAULT CHARSET=utf8 COLLATE=utf8_unicode_ci;

--
-- Dumping data for table `phppos_receivings_items`
--


-- --------------------------------------------------------

--
-- Table structure for table `phppos_register_log`
--

CREATE TABLE IF NOT EXISTS `phppos_register_log` (
  `register_log_id` int(10) NOT NULL AUTO_INCREMENT,
  `employee_id` int(10) NOT NULL,
  `shift_start` timestamp NOT NULL DEFAULT '0000-00-00 00:00:00',
  `shift_end` timestamp NOT NULL DEFAULT '0000-00-00 00:00:00',
  `open_amount` decimal(23,10) NOT NULL,
  `close_amount` decimal(23,10) NOT NULL,
  `cash_sales_amount` decimal(23,10) NOT NULL,
  `deleted` int(1) NOT NULL DEFAULT '0',
  PRIMARY KEY (`register_log_id`),
  KEY `phppos_register_log_ibfk_1` (`employee_id`)
) ENGINE=InnoDB DEFAULT CHARSET=utf8 COLLATE=utf8_unicode_ci AUTO_INCREMENT=1 ;

--
-- Dumping data for table `phppos_register_log`
--


-- --------------------------------------------------------

--
-- Table structure for table `phppos_sales`
--

CREATE TABLE IF NOT EXISTS `phppos_sales` (
  `sale_time` timestamp NOT NULL DEFAULT CURRENT_TIMESTAMP,
  `customer_id` int(10) DEFAULT NULL,
  `employee_id` int(10) NOT NULL DEFAULT '0',
  `comment` text COLLATE utf8_unicode_ci NOT NULL,
  `show_comment_on_receipt` int(1) NOT NULL DEFAULT '0',
  `sale_id` int(10) NOT NULL AUTO_INCREMENT,
  `payment_type` varchar(255) COLLATE utf8_unicode_ci DEFAULT NULL,
  `cc_ref_no` varchar(255) COLLATE utf8_unicode_ci NOT NULL,
  `auth_code` varchar(255) COLLATE utf8_unicode_ci DEFAULT '',
  `deleted_by` int(10) DEFAULT NULL,
  `deleted` int(1) NOT NULL DEFAULT '0',
  `suspended` int(1) NOT NULL DEFAULT '0',
  `store_account_payment` int(1) NOT NULL DEFAULT '0',
  `location_id` int(11) NOT NULL,
  PRIMARY KEY (`sale_id`),
  KEY `customer_id` (`customer_id`),
  KEY `employee_id` (`employee_id`),
  KEY `deleted` (`deleted`),
  KEY `location_id` (`location_id`),
  KEY `phppos_sales_ibfk_4` (`deleted_by`),
  KEY `sales_search` (`location_id`,`store_account_payment`,`sale_time`,`sale_id`)
) ENGINE=InnoDB  DEFAULT CHARSET=utf8 COLLATE=utf8_unicode_ci AUTO_INCREMENT=3 ;

--
-- Dumping data for table `phppos_sales`
--


-- --------------------------------------------------------

--
-- Table structure for table `phppos_sales_items`
--

CREATE TABLE IF NOT EXISTS `phppos_sales_items` (
  `sale_id` int(10) NOT NULL DEFAULT '0',
  `item_id` int(10) NOT NULL DEFAULT '0',
  `description` varchar(255) COLLATE utf8_unicode_ci DEFAULT NULL,
  `serialnumber` varchar(255) COLLATE utf8_unicode_ci DEFAULT NULL,
  `line` int(3) NOT NULL DEFAULT '0',
  `quantity_purchased` decimal(23,10) NOT NULL DEFAULT '0.0000000000',
  `item_cost_price` decimal(23,10) NOT NULL,
  `item_unit_price` decimal(23,10) NOT NULL,
  `discount_percent` int(11) NOT NULL DEFAULT '0',
  PRIMARY KEY (`sale_id`,`item_id`,`line`),
  KEY `item_id` (`item_id`)
) ENGINE=InnoDB DEFAULT CHARSET=utf8 COLLATE=utf8_unicode_ci;

--
-- Dumping data for table `phppos_sales_items`
--


-- --------------------------------------------------------

--
-- Table structure for table `phppos_sales_items_taxes`
--

CREATE TABLE IF NOT EXISTS `phppos_sales_items_taxes` (
  `sale_id` int(10) NOT NULL,
  `item_id` int(10) NOT NULL,
  `line` int(3) NOT NULL DEFAULT '0',
  `name` varchar(255) COLLATE utf8_unicode_ci NOT NULL,
  `percent` decimal(15,3) NOT NULL,
  `cumulative` int(1) NOT NULL DEFAULT '0',
  PRIMARY KEY (`sale_id`,`item_id`,`line`,`name`,`percent`),
  KEY `item_id` (`item_id`)
) ENGINE=InnoDB DEFAULT CHARSET=utf8 COLLATE=utf8_unicode_ci;

--
-- Dumping data for table `phppos_sales_items_taxes`
--


-- --------------------------------------------------------

--
-- Table structure for table `phppos_sales_item_kits`
--

CREATE TABLE IF NOT EXISTS `phppos_sales_item_kits` (
  `sale_id` int(10) NOT NULL DEFAULT '0',
  `item_kit_id` int(10) NOT NULL DEFAULT '0',
  `description` varchar(255) COLLATE utf8_unicode_ci DEFAULT NULL,
  `line` int(3) NOT NULL DEFAULT '0',
  `quantity_purchased` decimal(23,10) NOT NULL DEFAULT '0.0000000000',
  `item_kit_cost_price` decimal(23,10) NOT NULL,
  `item_kit_unit_price` decimal(23,10) NOT NULL,
  `discount_percent` int(11) NOT NULL DEFAULT '0',
  PRIMARY KEY (`sale_id`,`item_kit_id`,`line`),
  KEY `item_kit_id` (`item_kit_id`)
) ENGINE=InnoDB DEFAULT CHARSET=utf8 COLLATE=utf8_unicode_ci;

--
-- Dumping data for table `phppos_sales_item_kits`
--


-- --------------------------------------------------------

--
-- Table structure for table `phppos_sales_item_kits_taxes`
--

CREATE TABLE IF NOT EXISTS `phppos_sales_item_kits_taxes` (
  `sale_id` int(10) NOT NULL,
  `item_kit_id` int(10) NOT NULL,
  `line` int(3) NOT NULL DEFAULT '0',
  `name` varchar(255) COLLATE utf8_unicode_ci NOT NULL,
  `percent` decimal(15,3) NOT NULL,
  `cumulative` int(1) NOT NULL DEFAULT '0',
  PRIMARY KEY (`sale_id`,`item_kit_id`,`line`,`name`,`percent`),
  KEY `item_id` (`item_kit_id`)
) ENGINE=InnoDB DEFAULT CHARSET=utf8 COLLATE=utf8_unicode_ci;

--
-- Dumping data for table `phppos_sales_item_kits_taxes`
--


-- --------------------------------------------------------

--
-- Table structure for table `phppos_sales_payments`
--

CREATE TABLE IF NOT EXISTS `phppos_sales_payments` (
  `payment_id` int(10) NOT NULL AUTO_INCREMENT,
  `sale_id` int(10) NOT NULL,
  `payment_type` varchar(255) COLLATE utf8_unicode_ci NOT NULL,
  `payment_amount` decimal(23,10) NOT NULL,
  `truncated_card` varchar(255) COLLATE utf8_unicode_ci DEFAULT '',
  `card_issuer` varchar(255) COLLATE utf8_unicode_ci DEFAULT '',
  `payment_date` timestamp NOT NULL DEFAULT CURRENT_TIMESTAMP,
  PRIMARY KEY (`payment_id`),
  KEY `sale_id` (`sale_id`)
) ENGINE=InnoDB DEFAULT CHARSET=utf8 COLLATE=utf8_unicode_ci AUTO_INCREMENT=1 ;

--
-- Dumping data for table `phppos_sales_payments`
--


-- --------------------------------------------------------

--
-- Table structure for table `phppos_sessions`
--

CREATE TABLE IF NOT EXISTS `phppos_sessions` (
  `session_id` varchar(40) COLLATE utf8_unicode_ci NOT NULL DEFAULT '0',
  `ip_address` varchar(45) COLLATE utf8_unicode_ci NOT NULL DEFAULT '0',
  `user_agent` varchar(120) COLLATE utf8_unicode_ci NOT NULL,
  `last_activity` int(10) unsigned NOT NULL DEFAULT '0',
  `user_data` text COLLATE utf8_unicode_ci,
  PRIMARY KEY (`session_id`),
  KEY `last_activity_idx` (`last_activity`)
) ENGINE=InnoDB DEFAULT CHARSET=utf8 COLLATE=utf8_unicode_ci;

--
-- Dumping data for table `phppos_sessions`
--

INSERT INTO `phppos_sessions` (`session_id`, `ip_address`, `user_agent`, `last_activity`, `user_data`) VALUES
('79f4e8b0b9668047e7a3fa4fa335595f', '127.0.0.1', 'Mozilla/5.0 (Windows NT 5.1; rv:43.0) Gecko/20100101 Firefox/43.0', 1454256717, '');

-- --------------------------------------------------------

--
-- Table structure for table `phppos_store_accounts`
--

CREATE TABLE IF NOT EXISTS `phppos_store_accounts` (
  `sno` int(11) NOT NULL AUTO_INCREMENT,
  `customer_id` int(11) NOT NULL,
  `sale_id` int(11) DEFAULT NULL,
  `transaction_amount` decimal(23,10) NOT NULL DEFAULT '0.0000000000',
  `date` timestamp NOT NULL DEFAULT CURRENT_TIMESTAMP,
  `balance` decimal(23,10) NOT NULL DEFAULT '0.0000000000',
  `comment` text COLLATE utf8_unicode_ci NOT NULL,
  `deleted` int(1) NOT NULL DEFAULT '0',
  PRIMARY KEY (`sno`),
  KEY `deleted` (`deleted`),
  KEY `phppos_store_accounts_ibfk_1` (`sale_id`),
  KEY `phppos_store_accounts_ibfk_2` (`customer_id`)
) ENGINE=InnoDB DEFAULT CHARSET=utf8 COLLATE=utf8_unicode_ci AUTO_INCREMENT=1 ;

--
-- Dumping data for table `phppos_store_accounts`
--


-- --------------------------------------------------------

--
-- Table structure for table `phppos_suppliers`
--

CREATE TABLE IF NOT EXISTS `phppos_suppliers` (
  `person_id` int(10) NOT NULL,
  `company_name` varchar(255) COLLATE utf8_unicode_ci NOT NULL,
  `account_number` varchar(255) COLLATE utf8_unicode_ci DEFAULT NULL,
  `deleted` int(1) NOT NULL DEFAULT '0',
  UNIQUE KEY `account_number` (`account_number`),
  KEY `person_id` (`person_id`),
  KEY `deleted` (`deleted`)
) ENGINE=InnoDB DEFAULT CHARSET=utf8 COLLATE=utf8_unicode_ci;

--
-- Dumping data for table `phppos_suppliers`
--

INSERT INTO `phppos_suppliers` (`person_id`, `company_name`, `account_number`, `deleted`) VALUES
(3, 'Supplier One', '778899445566', 1),
(113, 'Nokia Company', '11225', 1),
(114, 'Samsung', '5454', 1);

--
-- Constraints for dumped tables
--

--
-- Constraints for table `phppos_customers`
--
ALTER TABLE `phppos_customers`
  ADD CONSTRAINT `phppos_customers_ibfk_1` FOREIGN KEY (`person_id`) REFERENCES `phppos_people` (`person_id`),
  ADD CONSTRAINT `phppos_customers_ibfk_2` FOREIGN KEY (`tier_id`) REFERENCES `phppos_price_tiers` (`id`);

--
-- Constraints for table `phppos_employees`
--
ALTER TABLE `phppos_employees`
  ADD CONSTRAINT `phppos_employees_ibfk_1` FOREIGN KEY (`person_id`) REFERENCES `phppos_people` (`person_id`);

--
-- Constraints for table `phppos_employees_locations`
--
ALTER TABLE `phppos_employees_locations`
  ADD CONSTRAINT `phppos_employees_locations_ibfk_1` FOREIGN KEY (`employee_id`) REFERENCES `phppos_employees` (`person_id`),
  ADD CONSTRAINT `phppos_employees_locations_ibfk_2` FOREIGN KEY (`location_id`) REFERENCES `phppos_locations` (`location_id`);

--
-- Constraints for table `phppos_giftcards`
--
ALTER TABLE `phppos_giftcards`
  ADD CONSTRAINT `phppos_giftcards_ibfk_1` FOREIGN KEY (`customer_id`) REFERENCES `phppos_customers` (`person_id`);

--
-- Constraints for table `phppos_inventory`
--
ALTER TABLE `phppos_inventory`
  ADD CONSTRAINT `phppos_inventory_ibfk_1` FOREIGN KEY (`trans_items`) REFERENCES `phppos_items` (`item_id`),
  ADD CONSTRAINT `phppos_inventory_ibfk_2` FOREIGN KEY (`trans_user`) REFERENCES `phppos_employees` (`person_id`),
  ADD CONSTRAINT `phppos_inventory_ibfk_3` FOREIGN KEY (`location_id`) REFERENCES `phppos_locations` (`location_id`);

--
-- Constraints for table `phppos_items`
--
ALTER TABLE `phppos_items`
  ADD CONSTRAINT `phppos_items_ibfk_1` FOREIGN KEY (`supplier_id`) REFERENCES `phppos_suppliers` (`person_id`),
  ADD CONSTRAINT `phppos_items_ibfk_2` FOREIGN KEY (`image_id`) REFERENCES `phppos_app_files` (`file_id`);

--
-- Constraints for table `phppos_items_taxes`
--
ALTER TABLE `phppos_items_taxes`
  ADD CONSTRAINT `phppos_items_taxes_ibfk_1` FOREIGN KEY (`item_id`) REFERENCES `phppos_items` (`item_id`) ON DELETE CASCADE;

--
-- Constraints for table `phppos_items_tier_prices`
--
ALTER TABLE `phppos_items_tier_prices`
  ADD CONSTRAINT `phppos_items_tier_prices_ibfk_1` FOREIGN KEY (`tier_id`) REFERENCES `phppos_price_tiers` (`id`) ON DELETE CASCADE,
  ADD CONSTRAINT `phppos_items_tier_prices_ibfk_2` FOREIGN KEY (`item_id`) REFERENCES `phppos_items` (`item_id`);

--
-- Constraints for table `phppos_item_kits_taxes`
--
ALTER TABLE `phppos_item_kits_taxes`
  ADD CONSTRAINT `phppos_item_kits_taxes_ibfk_1` FOREIGN KEY (`item_kit_id`) REFERENCES `phppos_item_kits` (`item_kit_id`) ON DELETE CASCADE;

--
-- Constraints for table `phppos_item_kits_tier_prices`
--
ALTER TABLE `phppos_item_kits_tier_prices`
  ADD CONSTRAINT `phppos_item_kits_tier_prices_ibfk_1` FOREIGN KEY (`tier_id`) REFERENCES `phppos_price_tiers` (`id`) ON DELETE CASCADE,
  ADD CONSTRAINT `phppos_item_kits_tier_prices_ibfk_2` FOREIGN KEY (`item_kit_id`) REFERENCES `phppos_item_kits` (`item_kit_id`);

--
-- Constraints for table `phppos_item_kit_items`
--
ALTER TABLE `phppos_item_kit_items`
  ADD CONSTRAINT `phppos_item_kit_items_ibfk_1` FOREIGN KEY (`item_kit_id`) REFERENCES `phppos_item_kits` (`item_kit_id`) ON DELETE CASCADE,
  ADD CONSTRAINT `phppos_item_kit_items_ibfk_2` FOREIGN KEY (`item_id`) REFERENCES `phppos_items` (`item_id`) ON DELETE CASCADE;

--
-- Constraints for table `phppos_location_items`
--
ALTER TABLE `phppos_location_items`
  ADD CONSTRAINT `phppos_location_items_ibfk_1` FOREIGN KEY (`location_id`) REFERENCES `phppos_locations` (`location_id`),
  ADD CONSTRAINT `phppos_location_items_ibfk_2` FOREIGN KEY (`item_id`) REFERENCES `phppos_items` (`item_id`);

--
-- Constraints for table `phppos_location_items_taxes`
--
ALTER TABLE `phppos_location_items_taxes`
  ADD CONSTRAINT `phppos_location_items_taxes_ibfk_1` FOREIGN KEY (`location_id`) REFERENCES `phppos_locations` (`location_id`) ON DELETE CASCADE,
  ADD CONSTRAINT `phppos_location_items_taxes_ibfk_2` FOREIGN KEY (`item_id`) REFERENCES `phppos_items` (`item_id`) ON DELETE CASCADE;

--
-- Constraints for table `phppos_location_items_tier_prices`
--
ALTER TABLE `phppos_location_items_tier_prices`
  ADD CONSTRAINT `phppos_location_items_tier_prices_ibfk_1` FOREIGN KEY (`tier_id`) REFERENCES `phppos_price_tiers` (`id`) ON DELETE CASCADE,
  ADD CONSTRAINT `phppos_location_items_tier_prices_ibfk_2` FOREIGN KEY (`location_id`) REFERENCES `phppos_locations` (`location_id`),
  ADD CONSTRAINT `phppos_location_items_tier_prices_ibfk_3` FOREIGN KEY (`item_id`) REFERENCES `phppos_items` (`item_id`);

--
-- Constraints for table `phppos_location_item_kits`
--
ALTER TABLE `phppos_location_item_kits`
  ADD CONSTRAINT `phppos_location_item_kits_ibfk_1` FOREIGN KEY (`location_id`) REFERENCES `phppos_locations` (`location_id`),
  ADD CONSTRAINT `phppos_location_item_kits_ibfk_2` FOREIGN KEY (`item_kit_id`) REFERENCES `phppos_item_kits` (`item_kit_id`);

--
-- Constraints for table `phppos_location_item_kits_taxes`
--
ALTER TABLE `phppos_location_item_kits_taxes`
  ADD CONSTRAINT `phppos_location_item_kits_taxes_ibfk_1` FOREIGN KEY (`location_id`) REFERENCES `phppos_locations` (`location_id`) ON DELETE CASCADE,
  ADD CONSTRAINT `phppos_location_item_kits_taxes_ibfk_2` FOREIGN KEY (`item_kit_id`) REFERENCES `phppos_item_kits` (`item_kit_id`) ON DELETE CASCADE;

--
-- Constraints for table `phppos_location_item_kits_tier_prices`
--
ALTER TABLE `phppos_location_item_kits_tier_prices`
  ADD CONSTRAINT `phppos_location_item_kits_tier_prices_ibfk_1` FOREIGN KEY (`tier_id`) REFERENCES `phppos_price_tiers` (`id`) ON DELETE CASCADE,
  ADD CONSTRAINT `phppos_location_item_kits_tier_prices_ibfk_2` FOREIGN KEY (`location_id`) REFERENCES `phppos_locations` (`location_id`),
  ADD CONSTRAINT `phppos_location_item_kits_tier_prices_ibfk_3` FOREIGN KEY (`item_kit_id`) REFERENCES `phppos_item_kits` (`item_kit_id`);

--
-- Constraints for table `phppos_modules_actions`
--
ALTER TABLE `phppos_modules_actions`
  ADD CONSTRAINT `phppos_modules_actions_ibfk_1` FOREIGN KEY (`module_id`) REFERENCES `phppos_modules` (`module_id`);

--
-- Constraints for table `phppos_people`
--
ALTER TABLE `phppos_people`
  ADD CONSTRAINT `phppos_people_ibfk_1` FOREIGN KEY (`image_id`) REFERENCES `phppos_app_files` (`file_id`);

--
-- Constraints for table `phppos_permissions`
--
ALTER TABLE `phppos_permissions`
  ADD CONSTRAINT `phppos_permissions_ibfk_1` FOREIGN KEY (`person_id`) REFERENCES `phppos_employees` (`person_id`),
  ADD CONSTRAINT `phppos_permissions_ibfk_2` FOREIGN KEY (`module_id`) REFERENCES `phppos_modules` (`module_id`);

--
-- Constraints for table `phppos_permissions_actions`
--
ALTER TABLE `phppos_permissions_actions`
  ADD CONSTRAINT `phppos_permissions_actions_ibfk_1` FOREIGN KEY (`module_id`) REFERENCES `phppos_modules` (`module_id`),
  ADD CONSTRAINT `phppos_permissions_actions_ibfk_2` FOREIGN KEY (`person_id`) REFERENCES `phppos_employees` (`person_id`),
  ADD CONSTRAINT `phppos_permissions_actions_ibfk_3` FOREIGN KEY (`action_id`) REFERENCES `phppos_modules_actions` (`action_id`);

--
-- Constraints for table `phppos_receivings`
--
ALTER TABLE `phppos_receivings`
  ADD CONSTRAINT `phppos_receivings_ibfk_1` FOREIGN KEY (`employee_id`) REFERENCES `phppos_employees` (`person_id`),
  ADD CONSTRAINT `phppos_receivings_ibfk_2` FOREIGN KEY (`supplier_id`) REFERENCES `phppos_suppliers` (`person_id`),
  ADD CONSTRAINT `phppos_receivings_ibfk_3` FOREIGN KEY (`location_id`) REFERENCES `phppos_locations` (`location_id`);

--
-- Constraints for table `phppos_receivings_items`
--
ALTER TABLE `phppos_receivings_items`
  ADD CONSTRAINT `phppos_receivings_items_ibfk_1` FOREIGN KEY (`item_id`) REFERENCES `phppos_items` (`item_id`),
  ADD CONSTRAINT `phppos_receivings_items_ibfk_2` FOREIGN KEY (`receiving_id`) REFERENCES `phppos_receivings` (`receiving_id`);

--
-- Constraints for table `phppos_register_log`
--
ALTER TABLE `phppos_register_log`
  ADD CONSTRAINT `phppos_register_log_ibfk_1` FOREIGN KEY (`employee_id`) REFERENCES `phppos_employees` (`person_id`);

--
-- Constraints for table `phppos_sales`
--
ALTER TABLE `phppos_sales`
  ADD CONSTRAINT `phppos_sales_ibfk_1` FOREIGN KEY (`employee_id`) REFERENCES `phppos_employees` (`person_id`),
  ADD CONSTRAINT `phppos_sales_ibfk_2` FOREIGN KEY (`customer_id`) REFERENCES `phppos_customers` (`person_id`),
  ADD CONSTRAINT `phppos_sales_ibfk_3` FOREIGN KEY (`location_id`) REFERENCES `phppos_locations` (`location_id`),
  ADD CONSTRAINT `phppos_sales_ibfk_4` FOREIGN KEY (`deleted_by`) REFERENCES `phppos_employees` (`person_id`);
